filename,upload_date,file_size
o202101518.0.wav,2021-01-15 19:23,110K
o202101600.0.wav,2021-01-16 01:23,110K
o202101606.0.wav,2021-01-16 07:23,110K
o202101612.0.wav,2021-01-16 13:23,110K
o202101618.0.wav,2021-01-16 19:23,110K
o202101700.0.wav,2021-01-17 01:23,110K
o202101706.0.wav,2021-01-17 07:23,110K
o202101712.0.wav,2021-01-17 13:23,110K
o202101718.0.wav,2021-01-17 19:23,110K
o202101800.0.wav,2021-01-18 01:23,110K
o202101806.0.wav,2021-01-18 07:23,110K
o202101812.0.wav,2021-01-18 13:23,110K
o202101818.0.wav,2021-01-18 19:23,110K
o202101900.0.wav,2021-01-19 01:23,110K
o202101906.0.wav,2021-01-19 07:23,110K
o202101912.0.wav,2021-01-19 13:23,110K
o202101918.0.wav,2021-01-19 19:23,110K
o202102000.0.wav,2021-01-20 01:23,110K
o202102006.0.wav,2021-01-20 07:23,110K
o202102012.0.wav,2021-01-20 13:23,110K
o202102018.0.wav,2021-01-20 19:23,110K
o202102100.0.wav,2021-01-21 01:23,110K
o202102106.0.wav,2021-01-21 07:23,110K
o202102112.0.wav,2021-01-21 13:23,110K
o202102118.0.wav,2021-01-21 19:23,110K
o202102200.0.wav,2021-01-22 01:23,110K
o202102206.0.wav,2021-01-22 07:23,110K
o202102212.0.wav,2021-01-22 13:23,110K
o202102218.0.wav,2021-01-22 19:23,110K
o202102300.0.wav,2021-01-23 01:23,110K
o202102306.0.wav,2021-01-23 07:23,110K
o202102312.0.wav,2021-01-23 13:23,110K
