,Station Id,Station Name,lat,lon,geometry
0,7000,Fort York  Blvd / Capreol Ct,43.639832,-79.395954,POINT (-79.395954 43.639832)
1,7001,Lower Jarvis St / The Esplanade,43.64783,-79.370698,POINT (-79.370698 43.64783)
2,7002,St. George St / Bloor St W,43.667333,-79.399429,POINT (-79.399429 43.667333)
3,7003,Madison Ave / Bloor St W,43.667158,-79.402761,POINT (-79.402761 43.667158)
4,7004,University Ave / Elm St,43.656518,-79.389099,POINT (-79.389099 43.656518)
5,7005,King St W / York St,43.6480008,-79.383177,POINT (-79.383177 43.6480008)
6,7006,Bay St / College St (East Side),43.660439,-79.385525,POINT (-79.385525 43.660439)
7,7007,College St / Huron St,43.658148,-79.398167,POINT (-79.398167 43.658148)
8,7008,Wellesley St / Queen's Park Cres,43.663376,-79.392125,POINT (-79.39212499999999 43.663376)
9,7009,King St E / Jarvis St,43.650325,-79.372287,POINT (-79.372287 43.650325)
10,7010,King St W / Spadina Ave,43.645323,-79.395003,POINT (-79.395003 43.645323)
11,7011,Wellington St W / Portland St,43.642982,-79.399256,POINT (-79.39925599999999 43.642982)
12,7012,Elizabeth St / Edward St (Bus Terminal),43.656026,-79.385327,POINT (-79.385327 43.656026)
13,7013,Scott St / The Esplanade,43.64656,-79.375274,POINT (-79.375274 43.64656)
14,7014,Sherbourne St / Carlton St (Allan Gardens),43.663102,-79.373181,POINT (-79.373181 43.663102)
15,7015,King St W / Bay St (West Side),43.64852,-79.380576,POINT (-79.380576 43.64852)
16,7016,Bay St / Queens Quay W (Ferry Terminal),43.640823,-79.376265,POINT (-79.376265 43.640823)
17,7017,Widmer St / Adelaide St W,43.6475076,-79.3914841,POINT (-79.3914841 43.6475076)
18,7018,Bremner Blvd / Rees St,43.641529,-79.386741,POINT (-79.386741 43.641529)
19,7019,Temperance St. Station,43.6507021,-79.3800546,POINT (-79.38005459999999 43.6507021)
20,7020,Phoebe St / Spadina Ave,43.650033,-79.396555,POINT (-79.39655500000001 43.650033)
21,7021,Bay St / Albert St,43.653264,-79.382458,POINT (-79.382458 43.653264)
22,7022,Simcoe St / Queen St W,43.650858,-79.387582,POINT (-79.38758199999999 43.650858)
23,7023,College St / Borden St,43.6571,-79.4056,POINT (-79.40560000000001 43.6571)
24,7024,Dundonald St / Church St,43.66663,-79.38148,POINT (-79.38148 43.66663)
25,7025,Ted Rogers Way / Bloor St E,43.671293,-79.380471,POINT (-79.380471 43.671293)
26,7026,Bay St / St. Joseph St,43.665527,-79.387499,POINT (-79.38749900000001 43.665527)
27,7027,Beverley  St / Dundas St W,43.652823,-79.393388,POINT (-79.393388 43.652823)
28,7028,Gould St / Mutual St,43.6582,-79.3768,POINT (-79.3768 43.6582)
29,7029,Bay St / Bloor St W (East Side),43.66943,-79.38915,POINT (-79.38915 43.66943)
30,7030,Bay St / Wellesley St W,43.664088,-79.387095,POINT (-79.387095 43.664088)
31,7031,Jarvis St / Isabella St,43.668991,-79.379385,POINT (-79.379385 43.668991)
32,7032,Augusta Ave / Dundas St W,43.652473,-79.401456,POINT (-79.401456 43.652473)
33,7033,Union Station,43.645609,-79.380386,POINT (-79.380386 43.645609)
34,7034,Church St / Bloor St E,43.671389,-79.382919,POINT (-79.382919 43.671389)
35,7035,Queen St W / Ossington Ave,43.643975,-79.419576,POINT (-79.41957600000001 43.643975)
36,7036,Trinity St /Front St E,43.651318,-79.36023,POINT (-79.36023 43.651318)
37,7037,Bathurst St / Dundas St W,43.6523,-79.4058,POINT (-79.4058 43.6523)
38,7038,Dundas St W / Yonge St,43.656094,-79.381484,POINT (-79.381484 43.656094)
39,7039,Simcoe St / Michael Sweet Ave - SMART,43.652327224103,-79.3882538196087,POINT (-79.38825381960871 43.652327224103)
40,7040,Euclid Ave / Bloor St W - SMART,43.664467,-79.414783,POINT (-79.414783 43.664467)
41,7041,Edward St / Yonge St,43.656729,-79.382736,POINT (-79.38273599999999 43.656729)
42,7042,Sherbourne St / Wellesley St E,43.6673,-79.374,POINT (-79.374 43.6673)
43,7043,Queens Quay W / Lower Simcoe St,43.63951,-79.383717,POINT (-79.383717 43.63951)
44,7044,Church St / Alexander St,43.663722,-79.380288,POINT (-79.38028799999999 43.663722)
45,7045,Bond St / Queen St E,43.653236,-79.376716,POINT (-79.376716 43.653236)
46,7046,Niagara St / Richmond St W,43.64534,-79.409597,POINT (-79.40959700000001 43.64534)
47,7047,University Ave / Gerrard St W (East Side),43.657763,-79.389165,POINT (-79.38916500000001 43.657763)
48,7048,Front St W / Yonge St (Hockey Hall of Fame),43.646144,-79.377962,POINT (-79.377962 43.646144)
49,7049,Queen St W / Portland St,43.6476,-79.4015,POINT (-79.4015 43.6476)
50,7050,Richmond St E / Jarvis St Green P,43.652634,-79.374222,POINT (-79.374222 43.652634)
51,7051,Mutual St / Shuter St,43.6548789,-79.37509070000002,POINT (-79.37509070000002 43.6548789)
52,7052,Wellington St W / Bay St,43.647259,-79.379878,POINT (-79.37987800000001 43.647259)
53,7053,Metro Hall Plaza,43.645859,-79.38783,POINT (-79.38782999999999 43.645859)
54,7054,Navy Wharf Ct. / Bremner Blvd.,43.640722,-79.391051,POINT (-79.391051 43.640722)
55,7055,Jarvis St / Carlton St,43.66207,-79.37617,POINT (-79.37617 43.66207)
56,7056,Parliament St / Gerrard St,43.662132,-79.3656796,POINT (-79.36567960000001 43.662132)
57,7057,Simcoe St / Wellington St South,43.6458569,-79.3853654,POINT (-79.3853654 43.6458569)
58,7058,Huron/ Harbord St,43.6637,-79.400053,POINT (-79.400053 43.6637)
59,7059,Front St W / Blue Jays Way,43.643473,-79.390477,POINT (-79.390477 43.643473)
60,7060,Princess St / Adelaide St E,43.652123,-79.367139,POINT (-79.36713899999999 43.652123)
61,7061,Dalton Rd / Bloor St W - SMART,43.6662942,-79.4066433,POINT (-79.4066433 43.6662942)
62,7062,University Ave / College St (West),43.659226,-79.390213,POINT (-79.390213 43.659226)
63,7063,Queen's Park / Bloor St W,43.668456,-79.393899,POINT (-79.393899 43.668456)
64,7064,51 Parliament St,43.65205,-79.362198,POINT (-79.36219800000001 43.65205)
65,7065,Dundas St E / Parliament St,43.659575,-79.365769,POINT (-79.365769 43.659575)
66,7066,Willcocks St / St. George St - SMART,43.662085,-79.397735,POINT (-79.397735 43.662085)
67,7067,Yonge St / Harbour St,43.643795,-79.375413,POINT (-79.37541299999999 43.643795)
68,7068,Blantyre Park,43.68306889999999,-79.279682,POINT (-79.27968199999999 43.68306889999999)
69,7069,Queen St W / Spadina Ave,43.649147,-79.395504,POINT (-79.395504 43.649147)
70,7070,25 York St – Union Station South,43.643667,-79.380414,POINT (-79.380414 43.643667)
71,7071,161 Bleecker St (South of Wellesley),43.666233,-79.373327,POINT (-79.373327 43.666233)
72,7072,Fleet St / Bathurst St,43.636611,-79.400042,POINT (-79.400042 43.636611)
73,7073,Spadina Ave / Fort York Blvd,43.640114,-79.393249,POINT (-79.393249 43.640114)
74,7074,King St E / Church St,43.65003919999999,-79.3733541,POINT (-79.3733541 43.65003919999999)
75,7075,Queens Quay W / Dan Leckie Way,43.636533,-79.395854,POINT (-79.395854 43.636533)
76,7076,York St / Queens Quay W,43.640132,-79.380464,POINT (-79.380464 43.640132)
77,7077,College Park South,43.659777,-79.382767,POINT (-79.382767 43.659777)
78,7078,College St / Major St,43.6576,-79.4032,POINT (-79.4032 43.6576)
79,7079,McGill St / Church St,43.660694,-79.379052,POINT (-79.379052 43.660694)
80,7083,Danforth Ave / Barrington Ave,43.688325,-79.300463,POINT (-79.30046299999999 43.688325)
81,7084,High Park - Grenadier Cafe,43.645599,-79.4657123,POINT (-79.46571230000001 43.645599)
82,7085,Danforth Ave / Westlake Ave,43.687323,-79.304848,POINT (-79.30484800000001 43.687323)
83,7086,High Park - West Rd,43.6525077,-79.4654233,POINT (-79.4654233 43.6525077)
84,7087,Danforth Ave / Aldridge Ave,43.684758,-79.316767,POINT (-79.316767 43.684758)
85,7088,Danforth Ave / Coxwell Ave,43.683378,-79.322961,POINT (-79.32296100000001 43.683378)
86,7089,Church St  / Wood St,43.662712,-79.379903,POINT (-79.379903 43.662712)
87,7090,Danforth Ave / Lamb Ave,43.681991,-79.329455,POINT (-79.329455 43.681991)
88,7091,Donlands Station,43.681114,-79.3373885,POINT (-79.3373885 43.681114)
89,7092,Pape Subway Green P,43.680223,-79.344062,POINT (-79.34406199999999 43.680223)
90,7093,Danforth Ave / Gough Ave,43.678401,-79.346289,POINT (-79.346289 43.678401)
91,7094,Chester Station (Green P),43.6784556,-79.351014,POINT (-79.35101400000001 43.6784556)
92,7095,Danforth Ave / Ellerbeck St,43.677076,-79.35667,POINT (-79.35666999999999 43.677076)
93,7096,Boston Ave / Queen St E,43.661508,-79.338931,POINT (-79.338931 43.661508)
94,7097,Riverdale Park North (Broadview Ave),43.671172,-79.354704,POINT (-79.354704 43.671172)
95,7098,Riverdale Park South (Broadview Ave),43.667819,-79.35347,POINT (-79.35347 43.667819)
96,7099,Cherry St / Mill St,43.651248,-79.357848,POINT (-79.357848 43.651248)
97,7100,Dundas St E / Regent Park Blvd,43.660207,-79.361275,POINT (-79.36127500000001 43.660207)
98,7101,Lower Sherbourne St / The Esplanade,43.648655,-79.367061,POINT (-79.36706100000001 43.648655)
99,7102,Nelson St / Duncan St,43.648711,-79.389728,POINT (-79.38972800000001 43.648711)
100,7103,Jimmie Simpson Park (Queen St E),43.6605603,-79.3437663,POINT (-79.3437663 43.6605603)
101,7104,King St E / River St,43.657071,-79.356598,POINT (-79.35659800000001 43.657071)
102,7105,Queen St E / Sackville St,43.6561111,-79.36138888888888,POINT (-79.36138888888888 43.6561111)
103,7106,Mill St / Tannery Rd,43.652219,-79.354455,POINT (-79.354455 43.652219)
104,7107,Cherry St / Distillery Ln,43.650279,-79.356832,POINT (-79.356832 43.650279)
105,7108,Front St E / Cherry St,43.652686,-79.358395,POINT (-79.358395 43.652686)
106,7109,Seaton St / Dundas St E - SMART,43.658777,-79.369596,POINT (-79.369596 43.658777)
107,7110,Queen St E / Berkeley St,43.6552778,-79.36583333333333,POINT (-79.36583333333333 43.6552778)
108,7111,King St W / Douro St,43.640885,-79.416379,POINT (-79.41637900000001 43.640885)
109,7112,Liberty St / Fraser Ave Green P,43.637981,-79.424146,POINT (-79.42414599999999 43.637981)
110,7113,Parliament St / Aberdeen Ave,43.665278,-79.368333,POINT (-79.36833300000001 43.665278)
111,7114,Carlton St / Parliament St,43.664524,-79.36793,POINT (-79.36793 43.664524)
112,7115,Howard St / Sherbourne St,43.6712581,-79.376367,POINT (-79.376367 43.6712581)
113,7116,Parliament St / Bloor St E,43.671827,-79.371849,POINT (-79.371849 43.671827)
114,7117,Castle Frank Station,43.674083,-79.368579,POINT (-79.368579 43.674083)
115,7118,King St W / Bay St (East Side),43.648575,-79.380042,POINT (-79.380042 43.648575)
116,7119,Sumach St / Carlton St. (Riverdale Farm),43.665867,-79.362506,POINT (-79.362506 43.665867)
117,7120,Gerrard St E / River St,43.663993,-79.358534,POINT (-79.35853400000001 43.663993)
118,7121,Jarvis St / Dundas St E,43.657266,-79.374756,POINT (-79.374756 43.657266)
119,7122,Niagara St / Tecumseth St,43.641389,-79.404444,POINT (-79.404444 43.641389)
120,7123,424 Wellington St W - SMART,43.643834,-79.396649,POINT (-79.396649 43.643834)
121,7124,Dundas St E / Broadview Ave,43.662365,-79.351104,POINT (-79.35110400000001 43.662365)
122,7126,Yonge St / Yorkville Ave,43.671944,-79.387778,POINT (-79.387778 43.671944)
123,7127,Bay St / Scollard St,43.672152,-79.39018,POINT (-79.39018 43.672152)
124,7128,Yonge St / Aylmer Ave,43.675492,-79.388858,POINT (-79.388858 43.675492)
125,7129,Davenport Rd / Avenue Rd,43.674991,-79.396273,POINT (-79.39627299999999 43.674991)
126,7130,Davenport Rd / Bedford Rd,43.6743985,-79.3986601,POINT (-79.3986601 43.6743985)
127,7131,Taddle Creek Park,43.66986,-79.398443,POINT (-79.398443 43.66986)
128,7132,Kendal Ave / Spadina Rd,43.670318,-79.405181,POINT (-79.405181 43.670318)
129,7133,Summerhill Station,43.681944,-79.390556,POINT (-79.390556 43.681944)
130,7134,Marlborough Ave / Yonge St,43.68,-79.391111,POINT (-79.391111 43.68)
131,7135,Hanna Ave / Liberty St,43.638333,-79.419722,POINT (-79.41972199999999 43.638333)
132,7136,Queen St W / Close Ave,43.640634,-79.435841,POINT (-79.435841 43.640634)
133,7137,Davenport Rd / Bathurst St - SMART,43.676667,-79.416111,POINT (-79.416111 43.676667)
134,7138,Davenport Rd / Christie St - SMART,43.675278,-79.423889,POINT (-79.423889 43.675278)
135,7139,Glen Edyth Dr / Davenport Rd,43.677778,-79.405556,POINT (-79.405556 43.677778)
136,7140,Macpherson Ave / Spadina Rd - SMART,43.675791,-79.40698,POINT (-79.40698 43.675791)
137,7141,Bridgeman Ave / Kendal Ave - SMART,43.675556,-79.410278,POINT (-79.41027800000001 43.675556)
138,7142,Bridgeman Ave / Bathurst St - SMART,43.674444,-79.414722,POINT (-79.414722 43.674444)
139,7143,Kendal Ave / Bernard Ave,43.671513,-79.408317,POINT (-79.408317 43.671513)
140,7144,Palmerston Ave / Vermont Ave - SMART,43.671389,-79.416389,POINT (-79.416389 43.671389)
141,7146,Christie St / Benson Ave (Wychwood Barns),43.68,-79.42500000000001,POINT (-79.42500000000001 43.68)
142,7147,King St W / Fraser Ave,43.6394444,-79.42527777777778,POINT (-79.42527777777778 43.6394444)
143,7148,King St W / Joe Shuster Way,43.639444,-79.423611,POINT (-79.42361099999999 43.639444)
144,7149,Yarmouth Rd / Christie St - SMART,43.67,-79.42083333333333,POINT (-79.42083333333333 43.67)
145,7150,Dufferin St / Sylvan Av (Dufferin Grove Park),43.6555556,-79.43361111111112,POINT (-79.43361111111112 43.6555556)
146,7151,Essex St / Christie St - SMART,43.6686111,-79.42027777777778,POINT (-79.42027777777778 43.6686111)
147,7152,Ossington Ave / Bloor St W - SMART,43.661705,-79.425734,POINT (-79.42573400000001 43.661705)
148,7153,Bloor St W / Christie St - SMART,43.6638889,-79.41888888888889,POINT (-79.41888888888889 43.6638889)
149,7154,Bathurst Subway Station - SMART,43.6666667,-79.41166666666668,POINT (-79.41166666666668 43.6666667)
150,7155,Bathurst St / Lennox St - SMART,43.663808,-79.410491,POINT (-79.41049099999999 43.663808)
151,7156,Salem Ave / Bloor St W - SMART,43.6608333,-79.43166666666667,POINT (-79.43166666666667 43.6608333)
152,7157,Dufferin St / Bloor St- SMART,43.66083333333333,-79.43583333333333,POINT (-79.43583333333333 43.66083333333333)
153,7158,King St W / Stafford St,43.6422222,-79.41111111111111,POINT (-79.41111111111111 43.6422222)
154,7160,King St W / Tecumseth St,43.64333333333333,-79.40555555555557,POINT (-79.40555555555557 43.64333333333333)
155,7161,Beverley St / College St,43.6575,-79.39527777777778,POINT (-79.39527777777778 43.6575)
156,7162,Hayter St / Laplante Ave,43.6591666666667,-79.3855555555556,POINT (-79.3855555555556 43.6591666666667)
157,7163,Yonge St / Wood St,43.6622222,-79.3825,POINT (-79.38249999999999 43.6622222)
158,7164,Gould St / Yonge St (Ryerson University),43.657424,-79.381019,POINT (-79.38101899999999 43.657424)
159,7167,Queen St E / George St (Moss Park),43.6544444,-79.3711111111111,POINT (-79.37111111111111 43.6544444)
160,7168,Queens Quay / Yonge St,43.641646,-79.375308,POINT (-79.375308 43.641646)
161,7169,Front St W / Bay St (North Side),43.646162,-79.378912,POINT (-79.378912 43.646162)
162,7170,Spadina Ave / Willcocks St,43.6616667,-79.40138888888889,POINT (-79.40138888888889 43.6616667)
163,7171,Ontario Place Blvd / Lake Shore Blvd W (East),43.6322445,-79.4108105,POINT (-79.4108105 43.6322445)
164,7172,Strachan Ave / Princes' Blvd,43.635,-79.4088888888889,POINT (-79.4088888888889 43.635)
165,7173,Cariboo St / Rail Path,43.66666667,-79.45833333333334,POINT (-79.45833333333334 43.66666667)
166,7174,Bloor St W / Dundas St W,43.6563889,-79.45166666666667,POINT (-79.45166666666667 43.6563889)
167,7175,HTO Park (Queens Quay W),43.63796,-79.387502,POINT (-79.387502 43.63796)
168,7176,Bathurst St / Fort York Blvd,43.639179,-79.399595,POINT (-79.39959500000001 43.639179)
169,7177,East Liberty St / Pirandello St,43.6386111111111,-79.4147222222222,POINT (-79.4147222222222 43.6386111111111)
170,7178,Dundas St W / Edna Ave,43.657192,-79.452559,POINT (-79.45255899999999 43.657192)
171,7179,Bloor GO / UP Station (West Toronto Railpath),43.6575,-79.4502777777778,POINT (-79.4502777777778 43.6575)
172,7180,Lansdowne Subway Station,43.6587734,-79.443054,POINT (-79.443054 43.6587734)
173,7181,Lansdowne Ave / Whytock Ave,43.6538888888889,-79.4413888888889,POINT (-79.44138888888889 43.6538888888889)
174,7182,Sterling Rd / Dundas St W - SMART,43.6508333333333,-79.4430555555556,POINT (-79.4430555555556 43.6508333333333)
175,7183,St Clarens Ave / College St,43.651238,-79.43868,POINT (-79.43868000000001 43.651238)
176,7184,Ossington Ave / College St,43.6544915,-79.422634,POINT (-79.422634 43.6544915)
177,7188,Exhibition GO (Atlantic Ave),43.6366666666667,-79.4197222222222,POINT (-79.41972222222221 43.6366666666667)
178,7189,Augusta Ave / Denison Sq,43.653766,-79.4016759,POINT (-79.4016759 43.653766)
179,7190,St. George St / Hoskin Ave,43.6637403,-79.39806449999999,POINT (-79.39806449999999 43.6637403)
180,7191,Central Tech  (Harbord St),43.661975,-79.407896,POINT (-79.40789599999999 43.661975)
181,7192,Harbord St / Clinton St - SMART,43.660414,-79.415646,POINT (-79.415646 43.660414)
182,7193,Queen St W / Gladstone Ave,43.6430555555556,-79.4275,POINT (-79.42749999999999 43.6430555555556)
183,7194,Mortimer Ave / Coxwell Ave,43.690564,-79.326319,POINT (-79.326319 43.690564)
184,7195,Ulster St / Bathurst St,43.66,-79.4088888888889,POINT (-79.4088888888889 43.66)
185,7196,Roxton Rd / Harbord St - SMART,43.65905,-79.422988,POINT (-79.422988 43.65905)
186,7197,Queen St W / Dovercourt Rd,43.6436111111111,-79.4225,POINT (-79.4225 43.6436111111111)
187,7198,Queen St W / Cowan Ave,43.6409,-79.432837,POINT (-79.43283700000001 43.6409)
188,7199,College St / Markham St,43.6563888888889,-79.4091666666667,POINT (-79.40916666666671 43.6563888888889)
189,7202,Queen St W / York St (City Hall),43.651667,-79.384167,POINT (-79.38416700000001 43.651667)
190,7203,Bathurst St/Queens Quay(Billy Bishop Airport),43.635492,-79.398253,POINT (-79.398253 43.635492)
191,7204,College St / Crawford St,43.655,-79.418889,POINT (-79.41888899999999 43.655)
192,7205,Rusholme Park Cres / College St,43.65277778,-79.42972222,POINT (-79.42972222 43.65277778)
193,7206,Claremont St / Dundas St W,43.651281,-79.411717,POINT (-79.411717 43.651281)
194,7207,Dundas St W / Crawford St,43.649722,-79.416944,POINT (-79.416944 43.649722)
195,7208,80 Clinton St (North of College) - SMART,43.656296,-79.414663,POINT (-79.414663 43.656296)
196,7209,Ossington Ave / Harrison St,43.651111111111106,-79.4213888888889,POINT (-79.4213888888889 43.65111111111111)
197,7210,Mary McCormick Rec Centre (Sheridan Ave),43.6475,-79.43305555555555,POINT (-79.43305555555555 43.6475)
198,7211,Fort York Blvd / Garrison Rd,43.6375,-79.40611111111112,POINT (-79.40611111111112 43.6375)
199,7216,Wellington St W / Stafford St,43.641281,-79.409339,POINT (-79.409339 43.641281)
200,7217,Soho St / Queen St W,43.6494896,-79.393535,POINT (-79.393535 43.6494896)
201,7220,Lake Shore Blvd W / Ellis Ave,43.635932,-79.465083,POINT (-79.46508300000001 43.635932)
202,7221,High Park Subway Station,43.6543604,-79.4655296,POINT (-79.4655296 43.6543604)
203,7222,Sunnyside - Gus Ryder Pool,43.637894,-79.454823,POINT (-79.454823 43.637894)
204,7223,Parkside Dr / Bloor St W - SMART,43.654501,-79.460053,POINT (-79.460053 43.654501)
205,7224,Bloor St W / High Park Ave (High Park),43.6535269,-79.4650569,POINT (-79.46505689999999 43.6535269)
206,7225,Lake Shore Blvd W / Windermere Ave,43.634896,-79.467763,POINT (-79.46776300000001 43.634896)
207,7226,Lake Shore Blvd W / The Boulevard Club,43.636731,-79.444966,POINT (-79.44496599999999 43.636731)
208,7227,Martin Goodman Trail (Marilyn Bell Park),43.6314,-79.4304,POINT (-79.43040000000001 43.6314)
209,7228,Queen St W / Roncesvalles Ave,43.638399,-79.4464436,POINT (-79.44644359999999 43.638399)
210,7229,Dundas St W / Roncesvalles Green P - SMART,43.6534268,-79.4512787,POINT (-79.4512787 43.6534268)
211,7230,Garden Ave / Roncesvalles Ave,43.643769,-79.447915,POINT (-79.44791499999999 43.643769)
212,7231,Wright / Sorauren (Sorauren Park) - SMART,43.646677,-79.442741,POINT (-79.442741 43.646677)
213,7232,Queen St W  /  Fuller Ave - SMART,43.640255,-79.439223,POINT (-79.439223 43.640255)
214,7233,King / Cowan Ave - SMART,43.637922,-79.431734,POINT (-79.43173400000001 43.637922)
215,7234,Roncesvalles Ave / Marmaduke St,43.650492,-79.450842,POINT (-79.45084199999999 43.650492)
216,7235,Bay St / College St (West Side) - SMART,43.660087,-79.385655,POINT (-79.385655 43.660087)
217,7236,Thompson St / Broadview Ave - SMART,43.659471,-79.350325,POINT (-79.350325 43.659471)
218,7237,Ward Ave / Wallace Ave - SMART,43.662251,-79.446036,POINT (-79.44603600000001 43.662251)
219,7238,Sorauren/Geoffrey (Sorauren Park) - SMART,43.649172,-79.4445087,POINT (-79.4445087 43.649172)
220,7239,Bloor St W / Manning Ave - SMART,43.663912,-79.416124,POINT (-79.416124 43.663912)
221,7240,Bloor St W / Shaw Ave - SMART,43.662403,-79.423098,POINT (-79.423098 43.662403)
222,7241,519 Church St - SMART,43.666805,-79.381288,POINT (-79.381288 43.666805)
223,7242,Lake Shore Blvd W / Ontario Dr,43.630254,-79.420317,POINT (-79.420317 43.630254)
224,7243,Exhibition GO Station,43.6356551,-79.4184785,POINT (-79.41847850000001 43.6356551)
225,7244,Dufferin Gate - SMART,43.633473,-79.425679,POINT (-79.425679 43.633473)
226,7245,Tecumseth St / Queen St W - SMART,43.646552,-79.406468,POINT (-79.406468 43.646552)
227,7246,Yonge St / Bloor St,43.669969,-79.386532,POINT (-79.386532 43.669969)
228,7247,Howard Park Ave / Dundas St W - SMART,43.6521,-79.4486,POINT (-79.4486 43.6521)
229,7248,Baldwin Ave / Spadina Ave - SMART,43.654905,-79.398448,POINT (-79.398448 43.654905)
230,7249,Dovercourt Rd / Harrison St (Green P) - SMART,43.651145,-79.423742,POINT (-79.423742 43.651145)
231,7250,St. George St / Russell St - SMART,43.660296,-79.397107,POINT (-79.39710700000001 43.660296)
232,7251,The Royal Ontario Museum (Bloor St Entrance),43.668561,-79.394403,POINT (-79.394403 43.668561)
233,7252,Robert St / Bloor St W - SMART,43.665846,-79.404998,POINT (-79.40499800000001 43.665846)
234,7253,John St  / Mercer St - SMART,43.6461,-79.3895,POINT (-79.3895 43.6461)
235,7254,Borden St / Bloor St W - SMART,43.665461,-79.40848,POINT (-79.40848 43.665461)
236,7255,Stewart St / Bathurst St  - SMART,43.643307,-79.402176,POINT (-79.402176 43.643307)
237,7256,Vanauley St / Queen St W - SMART,43.648437,-79.39838,POINT (-79.39838 43.648437)
238,7257,Dundas St W / St. Patrick St,43.6545174,-79.3895315,POINT (-79.3895315 43.6545174)
239,7258,Queen St E / Rushbrooke Ave,43.6626628,-79.3323698,POINT (-79.3323698 43.6626628)
240,7259,Lower Spadina Ave / Lake Shore Blvd,43.638497,-79.39192,POINT (-79.39192 43.638497)
241,7260,Spadina Ave / Adelaide St W,43.646688,-79.395267,POINT (-79.395267 43.646688)
242,7261,Queens Quay E / Lower Sherbourne St,43.645215,-79.364898,POINT (-79.364898 43.645215)
243,7262,Wychwood Ave / Benson Ave - SMART,43.6809164,-79.4229684,POINT (-79.4229684 43.6809164)
244,7263,Walton St / Elizabeth St - SMART,43.657838,-79.38631,POINT (-79.38630999999999 43.657838)
245,7264,Bloor St E / Huntley St - SMART,43.671535,-79.379173,POINT (-79.37917299999999 43.671535)
246,7265,Wallace Ave / Symington Ave - SMART,43.661324,-79.449534,POINT (-79.449534 43.661324)
247,7266,Victoria Park Subway Station - SMART,43.6940155,-79.2889842,POINT (-79.2889842 43.6940155)
248,7267,Dundas St E / Pembroke St - SMART,43.658295,-79.372346,POINT (-79.37234599999999 43.658295)
249,7268,111 Bond St (North of Dundas St E)  - SMART,43.656927,-79.378497,POINT (-79.378497 43.656927)
250,7269,Toronto Eaton Centre (Yonge St),43.655431,-79.380653,POINT (-79.380653 43.655431)
251,7270,Church St / Dundas St E - SMART,43.657024,-79.377257,POINT (-79.377257 43.657024)
252,7271,Yonge St / Alexander St - SMART,43.662862,-79.383572,POINT (-79.383572 43.662862)
253,7272,Yonge St / Dundonald St - SMART,43.665801,-79.384796,POINT (-79.38479599999999 43.665801)
254,7273,Bay St / Charles St - SMART,43.668153,-79.38891,POINT (-79.38891 43.668153)
255,7274,Queen's Park Cres E / Grosvenor St - SMART,43.661803,-79.389682,POINT (-79.38968199999999 43.661803)
256,7275,Queen St W / James St,43.652276,-79.380701,POINT (-79.380701 43.652276)
257,7276,Bloor St W / Balmuto St,43.669903,-79.387802,POINT (-79.38780199999999 43.669903)
258,7277,Chorley Park - SMART,43.6856,-79.3718,POINT (-79.37179999999999 43.6856)
259,7278,Mallon Ave / Jones Ave -SMART,43.66587,-79.33443,POINT (-79.33443 43.66587)
260,7279,Rosehill Ave / Avoca Ave - SMART,43.687999,-79.38906,POINT (-79.38906 43.687999)
261,7280,Charles St E / Jarvis St - SMART,43.669604,-79.381171,POINT (-79.38117099999999 43.669604)
262,7281,Charles St W / Balmuto St - SMART,43.668427,-79.38725,POINT (-79.38724999999999 43.668427)
263,7282,Adelaide St W / Bay St - SMART,43.650152,-79.379856,POINT (-79.379856 43.650152)
264,7283,Front St W / Bay St (South Side),43.64595,-79.378761,POINT (-79.378761 43.64595)
265,7284,University Ave / King St W - SMART,43.6477785,-79.3847928,POINT (-79.3847928 43.6477785)
266,7285,Spadina Ave / Harbord St - SMART,43.6629228,-79.4018451,POINT (-79.4018451 43.6629228)
267,7286,Gerrard St E / Broadview - SMART,43.665656,-79.352055,POINT (-79.35205499999999 43.665656)
268,7287,Queen St E / Pape Ave - SMART,43.661673,-79.337789,POINT (-79.337789 43.661673)
269,7288,Humber Bay Shores Park West,43.6224434,-79.480284,POINT (-79.480284 43.6224434)
270,7289,Humber Bay Shores Park East,43.6308933,-79.4722622,POINT (-79.4722622 43.6308933)
271,7291,190 Queens Quay E,43.6451308,-79.36536439999999,POINT (-79.36536439999999 43.6451308)
272,7292,Granby St / Church St - SMART,43.6605302,-79.3787235,POINT (-79.37872350000001 43.6605302)
273,7293,College St / McCaul St,43.65906,-79.393771,POINT (-79.393771 43.65906)
274,7296,Westmoreland Ave / Fernbank Ave - SMART,43.665327,-79.43235,POINT (-79.43235 43.665327)
275,7297,Havelock St / Dufferin Park - SMART,43.657343,-79.43112,POINT (-79.43112000000001 43.657343)
276,7298,Bathurst St / Adelaide St W,43.645324,-79.40345,POINT (-79.40345000000001 43.645324)
277,7299,Mill St / Parliament St,43.650256,-79.36163,POINT (-79.36163000000001 43.650256)
278,7301,Primrose Ave / Davenport Rd - SMART,43.67142,-79.445947,POINT (-79.445947 43.67142)
279,7302,Winona Dr / Davenport Rd - SMART,43.674923,-79.430465,POINT (-79.430465 43.674923)
280,7303,Queen St E / Woodward Ave,43.665269,-79.319796,POINT (-79.319796 43.665269)
281,7309,Queen St. E / Rhodes Ave.,43.666224,-79.317693,POINT (-79.31769300000001 43.666224)
282,7311,Sherbourne St / Isabella St,43.669576,-79.375961,POINT (-79.375961 43.669576)
283,7312,Amelia St. / Sumach St.,43.66852,-79.363525,POINT (-79.363525 43.66852)
284,7313,Coxwell Ave /  Lake Shore Blvd E,43.662771,-79.315223,POINT (-79.315223 43.662771)
285,7314,Queen St. E / Eastern Ave,43.667208,-79.312315,POINT (-79.312315 43.667208)
286,7315,Queen St E / Hammersmith Ave,43.671349,-79.29451,POINT (-79.29451 43.671349)
287,7316,Queen St. E / Spruce Hill Rd.,43.672571,-79.289,POINT (-79.289 43.672571)
288,7317,Hubbard Blvd / Balsam Av,43.669328,-79.288949,POINT (-79.288949 43.669328)
289,7318,Hubbard Blvd. / Glen Manor Dr.,43.668633,-79.291162,POINT (-79.291162 43.668633)
290,7319,Lake Shore Blvd E / Knox Ave,43.660206,-79.3244,POINT (-79.3244 43.660206)
291,7320,Front St W / University Ave (1),43.6451635,-79.3831757,POINT (-79.3831757 43.6451635)
292,7321,Front St W / University Ave (2),43.6452972,-79.3827914,POINT (-79.3827914 43.6452972)
293,7322,King St W / Brant St,43.645062,-79.397345,POINT (-79.397345 43.645062)
294,7323,457 King St. W. at Spadina,43.6452091,-79.3960744,POINT (-79.3960744 43.6452091)
295,7324,King St W / Charlotte St (West),43.645572,-79.39399,POINT (-79.39399 43.645572)
296,7326,Davenport Rd / Lansdowne Ave. - SMART,43.671526,-79.44874,POINT (-79.44874 43.671526)
297,7327,Davenport Rd / Oakwood Rd - SMART,43.6741219,-79.4352208,POINT (-79.4352208 43.6741219)
298,7328,Roxborough St W / Yonge St,43.678077,-79.390328,POINT (-79.390328 43.678077)
299,7329,Crawford St / Queen St W,43.645665,-79.415345,POINT (-79.415345 43.645665)
300,7330,Lee Ave / Queen St E,43.669863,-79.297786,POINT (-79.297786 43.669863)
301,7331,Coxwell Ave / Plains Rd,43.69595,-79.328535,POINT (-79.328535 43.69595)
302,7332,200 Bloor St. E.,43.671561,-79.38117,POINT (-79.38117 43.671561)
303,7333,King St E / Victoria St,43.6495789,-79.3762096,POINT (-79.3762096 43.6495789)
304,7334,Simcoe St / Wellington St North,43.6462176,-79.3855048,POINT (-79.38550480000001 43.6462176)
305,7335,Bay St / Bloor St W (West Side),43.669244,-79.3894,POINT (-79.38939999999999 43.669244)
306,7336,Queen St E / Alton Av,43.663912,-79.327987,POINT (-79.32798699999999 43.663912)
307,7337,Gerrard Square Mall (1010 Gerrard St E),43.668553,-79.338673,POINT (-79.338673 43.668553)
308,7338,Logan Ave / Bain Ave,43.6720273,-79.3470557,POINT (-79.3470557 43.6720273)
309,7339,Carlaw Ave / Strathcona Ave,43.6753188,-79.3462789,POINT (-79.3462789 43.6753188)
310,7340,Blake St / Boultbee Ave - SMART,43.672453,-79.338259,POINT (-79.33825899999999 43.672453)
311,7341,Eastern Ave / Winnifred Ave,43.6592088,-79.3348396,POINT (-79.3348396 43.6592088)
312,7342,Morse St / Eastern Ave,43.657991,-79.340075,POINT (-79.340075 43.657991)
313,7343,Alton Ave / Dundas St E (Greenwood Park),43.66745,-79.329408,POINT (-79.329408 43.66745)
314,7344,Cherry Beach,43.637764,-79.345359,POINT (-79.345359 43.637764)
315,7345,Cherry Beach Sports Field (55 Unwin Ave),43.640757,-79.343144,POINT (-79.343144 43.640757)
316,7346,Logan Av / Gerrard St E,43.6672144,-79.3452697,POINT (-79.3452697 43.6672144)
317,7347,Regal Rd / Dufferin St - SMART,43.673939,-79.441159,POINT (-79.441159 43.673939)
318,7348,Pape Ave / Gamble Ave,43.690237,-79.350119,POINT (-79.35011900000001 43.690237)
319,7349,Gamble Ave / Broadview Ave,43.689211,-79.35438,POINT (-79.35438000000001 43.689211)
320,7350,Broadview Ave / Westwood Ave,43.6848652,-79.356602,POINT (-79.356602 43.6848652)
321,7351,Pretoria Av / Broadview Av,43.6783213,-79.35822,POINT (-79.35822 43.6783213)
322,7352,Cosburn Ave / Donlands Ave,43.690537,-79.341307,POINT (-79.341307 43.690537)
323,7353,Fulton Ave / Pape Ave,43.68395,-79.347046,POINT (-79.34704600000001 43.68395)
324,7354,Tommy Thompson Park (Leslie Street Spit),43.651737,-79.32325,POINT (-79.32325 43.651737)
325,7355,Beltline Trail / Chaplin Cres.,43.704461,-79.423122,POINT (-79.42312200000001 43.704461)
326,7356,King St E / Ontario St.,43.651885,-79.3649,POINT (-79.36490000000001 43.651885)
327,7357,Lake Shore Blvd E / Leslie St,43.659195,-79.329196,POINT (-79.329196 43.659195)
328,7358,Gailbraith Rd / King’s College Cr. (U of T),43.660382,-79.3954,POINT (-79.3954 43.660382)
329,7359,Rosedale Park (20 Schofield Ave),43.682645,-79.377557,POINT (-79.377557 43.682645)
330,7360,Concord Av / Dewson St - SMART,43.656945,-79.424911,POINT (-79.42491099999999 43.656945)
331,7361,Hocken Ave./Vaughan Rd.,43.6817346,-79.4184725,POINT (-79.41847249999999 43.6817346)
332,7362,St Clair Ave W / Bathurst St.,43.683296,-79.418734,POINT (-79.418734 43.683296)
333,7363,Wells Hill Ave / St Clair Ave W,43.683351,-79.41562,POINT (-79.41562 43.683351)
334,7364,Queen St E / Nursewood Rd (Neville Park Loop),43.673831,-79.281455,POINT (-79.28145499999999 43.673831)
335,7365,Kew Beach Ave / Kenilworth Ave,43.666325,-79.3014,POINT (-79.3014 43.666325)
336,7366,Fort York Blvd / Bathurst St SMART,43.639052,-79.399792,POINT (-79.39979200000001 43.639052)
337,7367,Alma Ave / Gladstone Ave SMART,43.6448617,-79.42822,POINT (-79.42822 43.6448617)
338,7368,Lisgar St / Dundas St SMART,43.6493472,-79.42668,POINT (-79.42668 43.6493472)
339,7369,Dupont St / Emerson Ave SMART,43.667266,-79.443946,POINT (-79.443946 43.667266)
340,7371,Eglinton Ave W / Henning Ave SMART,43.7063473,-79.40161,POINT (-79.40161000000001 43.7063473)
341,7372,King St W / Portland St,43.6448257,-79.3993258,POINT (-79.3993258 43.6448257)
342,7373,George St / King St E,43.6509552,-79.3707,POINT (-79.3707 43.6509552)
343,7374,Frederick St / The Esplanade,43.6487245,-79.36839,POINT (-79.36839000000001 43.6487245)
344,7375,Front St E / Scott St,43.6476616,-79.37549,POINT (-79.37549 43.6476616)
345,7376,Frobisher Ave / Lascelles Blvd,43.696708,-79.40045,POINT (-79.40045000000001 43.696708)
346,7377,Balliol St / Yonge St  SMART,43.6978701,-79.39419,POINT (-79.39418999999999 43.6978701)
347,7378,Yonge St / Davisville Ave,43.6975969,-79.39654,POINT (-79.39654 43.6975969)
348,7379,Lawton Blvd / Yonge St,43.6910667,-79.39535,POINT (-79.39534999999999 43.6910667)
349,7380,Erskine Ave / Yonge St SMART,43.7112153,-79.39894,POINT (-79.39894 43.7112153)
350,7381,Roehampton Ave / Yonge St,43.7080145,-79.39826,POINT (-79.39825999999999 43.7080145)
351,7382,Simcoe St / Adelaide St W,43.6481303,-79.38632,POINT (-79.38632 43.6481303)
352,7383,12 Harbour St,43.6425636,-79.3762,POINT (-79.3762 43.6425636)
353,7384,Cumberland Ave / Bay St SMART,43.6704537,-79.39014,POINT (-79.39014 43.6704537)
354,7385,20 Charles St E - SMART,43.6691099,-79.38551,POINT (-79.38551 43.6691099)
355,7386,D'Arcy St. /McCaul St. SMART,43.655227,-79.39201,POINT (-79.39201 43.655227)
356,7387,Mortimer Ave / Carlaw Ave SMART,43.685167,-79.34962,POINT (-79.34962 43.685167)
357,7388,Broadview Ave / Danforth Ave,43.6772,-79.35858,POINT (-79.35858 43.6772)
358,7389,College Park- Gerrard Entrance,43.658938,-79.383518,POINT (-79.383518 43.658938)
359,7391,Yonge St / Dundas Sq,43.655766,-79.3802,POINT (-79.3802 43.655766)
360,7392,Woodbine Subway Green P SMART,43.686829,-79.311073,POINT (-79.31107299999999 43.686829)
361,7395,Dentonia Park,43.694341,-79.291416,POINT (-79.291416 43.694341)
362,7398,York St / Harbour St,43.64116,-79.37979,POINT (-79.37979 43.64116)
363,7399,Lower Jarvis / Queens Quay E,43.64422,-79.36927,POINT (-79.36927 43.64422)
364,7400,Polson Pier,43.641675,-79.354006,POINT (-79.354006 43.641675)
365,7402,Wellington St W / Bathurst St,43.6426245,-79.4024594,POINT (-79.4024594 43.6426245)
366,7403,Lascelles Blvd / Eglinton Ave W,43.70547,-79.40355,POINT (-79.40355 43.70547)
367,7404,Roehampton Ave / Mount Pleasant Rd,43.70942,-79.39139,POINT (-79.39139 43.70942)
368,7406,Victoria St / Queen St E,43.652822,-79.378208,POINT (-79.378208 43.652822)
369,7407,University Ave / Queen St W,43.65158,-79.38655,POINT (-79.38655 43.65158)
370,7408,University Ave / Armoury St - SMART,43.65263,-79.38766,POINT (-79.38766 43.65263)
371,7409,Isabella St / Church St,43.66834,-79.38235,POINT (-79.38235 43.66834)
372,7410,Howard St / Rose Ave - SMART,43.671278,-79.372127,POINT (-79.37212700000001 43.671278)
373,7411,Little Norway Park,43.635023,-79.399505,POINT (-79.399505 43.635023)
374,7412,King St W / Crawford St - SMART,43.6417852,-79.4131148,POINT (-79.4131148 43.6417852)
375,7413,Dundas St W / Watkinson Ave,43.66478,-79.45991,POINT (-79.45990999999999 43.66478)
376,7414,Keele St / Annette St,43.66402,-79.46418,POINT (-79.46418 43.66402)
377,7415,Keele St / Vine Ave,43.66686,-79.46526,POINT (-79.46526 43.66686)
378,7417,King St W / Jordan St,43.648928,-79.378623,POINT (-79.378623 43.648928)
379,7418,College Park - Yonge St Entrance,43.65988,-79.38279,POINT (-79.38279 43.65988)
380,7419,Bloor St W / Huron St,43.667023,-79.401805,POINT (-79.401805 43.667023)
381,7420,Barton St / Howland St - SMART,43.66842,-79.410585,POINT (-79.410585 43.66842)
382,7422,Tyndall Ave / King St W - SMART,43.638426,-79.429142,POINT (-79.429142 43.638426)
383,7423,Merton St / Al Green Ln,43.696479,-79.394855,POINT (-79.39485500000001 43.696479)
384,7424,Merton St / Mount Pleasant Rd,43.697819,-79.38786,POINT (-79.38786 43.697819)
385,7425,The Queensway at South Kingsway,43.63632,-79.47307,POINT (-79.47307000000001 43.63632)
386,7426,Fleet St / Garrison Rd (Fort York),43.636804,-79.408832,POINT (-79.408832 43.636804)
387,7427,Northern Dancer Blvd / Lake Shore Blvd E,43.663162,-79.309765,POINT (-79.309765 43.663162)
388,7428,Woodbine Ave / Lake Shore Blvd E,43.665645,-79.304711,POINT (-79.304711 43.665645)
389,7429,Woodbine Subway Station - SMART,43.686442,-79.313404,POINT (-79.31340400000001 43.686442)
390,7430,Marilyn Bell Park Tennis Court,43.633537,-79.437461,POINT (-79.437461 43.633537)
391,7431,Gerrard St E / Leslie St,43.669813,-79.3335,POINT (-79.3335 43.669813)
392,7432,Frederick St / King St E,43.651118,-79.369411,POINT (-79.369411 43.651118)
393,7433,Dundas St E / Boulton Ave - SMART,43.663148,-79.347938,POINT (-79.347938 43.663148)
394,7434,Via Italia / Mackay Ave,43.676697,-79.445029,POINT (-79.44502900000001 43.676697)
395,7435,Rushton Rd / St Clair Ave W,43.68114,-79.4277,POINT (-79.4277 43.68114)
396,7436,Shaw St / Dupont St - SMART,43.67072,-79.42677,POINT (-79.42677 43.67072)
397,7437,Concord Ave / Bloor St W - SMART,43.66189,-79.42679,POINT (-79.42679 43.66189)
398,7438,High Park Subway,43.65389,-79.4675,POINT (-79.4675 43.65389)
399,7440,Martin Goodman Trail / Ontario Dr,43.63121,-79.41414,POINT (-79.41414 43.63121)
400,7441,Pacific Ave / Glenlake Ave,43.65716,-79.46478,POINT (-79.46478 43.65716)
401,7442,Lonsdale Rd / Spadina Rd,43.688526,-79.412903,POINT (-79.412903 43.688526)
402,7443,Dundas St E / George St,43.6574766,-79.373446,POINT (-79.373446 43.6574766)
403,7444,Clendenan Ave / Rowland St - SMART,43.66073,-79.47149,POINT (-79.47149 43.66073)
404,7445,Eastwood Rd / Coxwell Ave,43.673118,-79.318651,POINT (-79.318651 43.673118)
405,7446,Orchard Park,43.66908,-79.3149,POINT (-79.31489999999999 43.66908)
406,7447,Trent Ave / Danforth Ave,43.689293,-79.295895,POINT (-79.295895 43.689293)
407,7448,Goodwood Park Ct / Dentonia Park,43.694826,-79.295208,POINT (-79.295208 43.694826)
408,7449,Cosburn Ave / Cedarvale Ave,43.697139,-79.31469,POINT (-79.31469 43.697139)
409,7450,Carlaw Ave / Danforth Ave,43.678285,-79.347346,POINT (-79.347346 43.678285)
410,7451,Western Battery Rd / Pirandello St - SMART,43.640075,-79.414156,POINT (-79.41415600000001 43.640075)
411,7452,Bleecker St / St James Ave,43.669232,-79.374495,POINT (-79.374495 43.669232)
412,7453,Jarvis St / Maitland Pl,43.664736,-79.377579,POINT (-79.377579 43.664736)
413,7454,Pottery Rd / Lower Don River Trail,43.688148,-79.362101,POINT (-79.362101 43.688148)
414,7455,E.T. Seton Park (Eglinton Ave E / Leslie St),43.715951,-79.351246,POINT (-79.351246 43.715951)
415,7456,Belmont St / Davenport Rd - SMART,43.6743811,-79.3924893,POINT (-79.39248929999999 43.6743811)
416,7457,Queen's Park Cres W / Hoskin Ave,43.665221,-79.394009,POINT (-79.394009 43.665221)
417,7458,Church St / Lombard St,43.651678,-79.375233,POINT (-79.37523299999999 43.651678)
418,7459,St Clair Ave W / Winona Ave,43.680466,-79.432522,POINT (-79.43252200000001 43.680466)
419,7460,High Park Outdoor Pool,43.649217,-79.465319,POINT (-79.46531899999999 43.649217)
420,7461,High Park Amphitheatre,43.645653,-79.464366,POINT (-79.464366 43.645653)
421,7462,Richmond St E / Yonge St,43.651838,-79.378743,POINT (-79.378743 43.651838)
422,7463,Adelaide St W / Brant St,43.6462574,-79.3973381,POINT (-79.3973381 43.6462574)
423,7465,Russell Hill Rd / St Clair Ave W,43.685569,-79.408019,POINT (-79.408019 43.685569)
424,7466,Glendonwynne Ave / Bloor St W,43.65182,-79.47421,POINT (-79.47421 43.65182)
425,7467,Lower Simcoe St / Bremner Blvd - SMART,43.64283,-79.38409,POINT (-79.38409 43.64283)
426,7468,Front St / Simcoe St,43.6442,-79.38702,POINT (-79.38702000000001 43.6442)
427,7469,Wellington St W / York St,43.646734,-79.38301,POINT (-79.38301 43.646734)
428,7470,York St / Lake Shore Blvd W,43.64196,-79.380806,POINT (-79.38080600000001 43.64196)
429,7471,Lake Shore Blvd W / Louisa St,43.61868,-79.48674,POINT (-79.48674 43.61868)
430,7472,Dundas St E / Victoria St,43.656311,-79.379158,POINT (-79.379158 43.656311)
431,7473,Adelaide St W / Strachan Ave,43.643253094827294,-79.41230469904167,POINT (-79.41230469904167 43.64325309482729)
432,7474,Clarence Square,43.64407,-79.3929,POINT (-79.3929 43.64407)
433,7475,Jarvis St / Richmond St E,43.652777,-79.372637,POINT (-79.372637 43.652777)
434,7476,Symington Ave / Dupont St - SMART,43.665538,-79.451263,POINT (-79.451263 43.665538)
435,7477,Antler St / Campbell Ave - SMART,43.664182,-79.449066,POINT (-79.449066 43.664182)
436,7478,Ellis Ave / The Queensway,43.63855,-79.46693,POINT (-79.46693 43.63855)
437,7479,Jane St / Bloor St W (Jane Subway Station),43.64976,-79.48477,POINT (-79.48477 43.64976)
438,7480,Neil McLellan Park,43.65143,-79.47779,POINT (-79.47779 43.65143)
439,7481,Westmount Ave / St Clair Ave W - SMART,43.67851,-79.44215,POINT (-79.44215 43.67851)
440,7482,Danforth Ave / Sibley Ave,43.690111,-79.292634,POINT (-79.29263400000001 43.690111)
441,7483,Southwood Dr / Kingston Rd - SMART,43.678685,-79.297974,POINT (-79.297974 43.678685)
442,7484,Briar Hill Ave / Yonge St - SMART,43.713524,-79.400162,POINT (-79.40016199999999 43.713524)
443,7485,Blythwood Rd / Yonge St - SMART,43.716652,-79.399993,POINT (-79.39999299999999 43.716652)
444,7486,Gerrard St E / Ted Reeve Dr,43.684261,-79.299332,POINT (-79.29933200000001 43.684261)
445,7487,Eastwood Rd / Woodbine Ave - SMART,43.676216,-79.309395,POINT (-79.30939499999999 43.676216)
446,7488,Summerhill Ave / Maclennan Ave,43.685924,-79.376304,POINT (-79.376304 43.685924)
447,7489,Sumach St  / Queen St E,43.656638,-79.358749,POINT (-79.358749 43.656638)
448,7491,D'Arcy St / Spadina Ave - SMART,43.654074,-79.398115,POINT (-79.398115 43.654074)
449,7492,Lake Shore Blvd E / Cherry St,43.6482995,-79.3552533,POINT (-79.3552533 43.6482995)
450,7493,Sackville St / Eastern Ave - SMART,43.653809,-79.3595,POINT (-79.3595 43.653809)
451,7494,Davenport Rd / McAlpine St - SMART,43.673768,-79.391253,POINT (-79.39125300000001 43.673768)
452,7496,Sunnyside Ave / The Queensway - SMART,43.6397,-79.44865,POINT (-79.44865 43.6397)
453,7497,128 Sterling Ave - SMART,43.654004,-79.444792,POINT (-79.44479200000001 43.654004)
454,7501,Humberside Grounds - SMART,43.65917,-79.46997,POINT (-79.46997 43.65917)
455,7502,University Ave / College St (East),43.65995,-79.38964,POINT (-79.38964 43.65995)
456,7503,Gerrard St E / Malvern Ave - SMART,43.685221,-79.294766,POINT (-79.294766 43.685221)
457,7504,Gerrard St E / Victoria Park Ave,43.686962,-79.286864,POINT (-79.28686399999999 43.686962)
458,7505,Ontario St / Adelaide St E -SMART,43.652458,-79.366433,POINT (-79.366433 43.652458)
459,7506,Berkeley St / Adelaide St E - SMART,43.653359,-79.365023,POINT (-79.36502299999999 43.653359)
460,7508,Berkeley St / Dundas St E - SMART,43.658816,-79.367318,POINT (-79.367318 43.658816)
461,7509,Ontario St / King St E,43.651814,-79.366194,POINT (-79.36619399999999 43.651814)
462,7510,Princes Gate / Nunavut Dr,43.6334636,-79.4143057,POINT (-79.4143057 43.6334636)
463,7514,Humber Bay Shores Park / Marine Parade Dr,43.626265,-79.476723,POINT (-79.47672300000001 43.626265)
464,7515,Amos Waites Park,43.613606,-79.4883535,POINT (-79.4883535 43.613606)
465,7516,Superior Ave / Lake Shore Blvd W,43.6146692,-79.4873148,POINT (-79.48731479999999 43.6146692)
466,7517,Ripley Ave / Ormskirk Ave,43.6390437,-79.4760109,POINT (-79.47601090000001 43.6390437)
467,7518,Lake Shore Blvd W / Colborne Lodge Dr - SMART,43.63771,-79.458173,POINT (-79.458173 43.63771)
468,7519,Sheridan Ave / Dundas St W,43.650365,-79.4338668,POINT (-79.4338668 43.650365)
469,7520,St Clarens Ave / Shirley Ave,43.6486599,-79.4376413,POINT (-79.4376413 43.6486599)
470,7521,Emerson Ave / Bloor St W - SMART,43.65904,-79.44088,POINT (-79.44088000000001 43.65904)
471,7522,Wallace Ave / Pauline Ave - SMART,43.6632257,-79.4397052,POINT (-79.43970520000001 43.6632257)
472,7523,Lynn Williams St / East Liberty St,43.638925,-79.4168659,POINT (-79.4168659 43.638925)
473,7524,Lisgar Park,43.6423847,-79.4240277,POINT (-79.4240277 43.6423847)
474,7525,Fennings St / Queen St W - SMART,43.643945,-79.421189,POINT (-79.421189 43.643945)
475,7526,Bartlett Parkette - SMART,43.6702236,-79.4360232,POINT (-79.43602319999999 43.6702236)
476,7527,Joseph J Piccininni Community Centre,43.675648,-79.4527619,POINT (-79.4527619 43.675648)
477,7528,Spadina Rd / Austin Terrace - SMART,43.67883,-79.408723,POINT (-79.40872299999999 43.67883)
478,7529,Symington Ave / Davenport Rd - SMART,43.6704403,-79.45328549999999,POINT (-79.45328549999999 43.6704403)
479,7530,Sherbourne St N / Elm Ave,43.6752732,-79.3778458,POINT (-79.3778458 43.6752732)
480,7531,541 Huron St - SMART,43.670206,-79.402643,POINT (-79.402643 43.670206)
481,7533,Housey St / Dan Leckie Way,43.6380413,-79.39783469999999,POINT (-79.39783469999999 43.6380413)
482,7534,Walnut Ave / Queen St W,43.645469,-79.411084,POINT (-79.411084 43.645469)
483,7535,Wolsley St / Palmerston Ave - SMART,43.647497,-79.406691,POINT (-79.406691 43.647497)
484,7536,Palmerston Ave / Dundas St W - SMART,43.651603,-79.408346,POINT (-79.40834599999999 43.651603)
485,7537,Euclid Ave / Herrick St - SMART,43.661559,-79.413845,POINT (-79.41384499999999 43.661559)
486,7538,Vaughan Rd /Wychwood Ave,43.6882821,-79.4253856,POINT (-79.4253856 43.6882821)
487,7539,Davisville Ave / Pailton Cres,43.69933,-79.39199,POINT (-79.39199000000001 43.69933)
488,7540,Alvin Ave / St Clair Ave E - SMART,43.68871,-79.39264,POINT (-79.39264 43.68871)
489,7541,Bellwoods Ave / Treford Pl - SMART,43.65246,-79.413528,POINT (-79.413528 43.65246)
490,7542,Queen St W / John St,43.650077,-79.391291,POINT (-79.391291 43.650077)
491,7543,Nassau St / Bellevue Ave,43.6550458,-79.4034475,POINT (-79.4034475 43.6550458)
492,7544,Foster Pl / Elizabeth St - SMART,43.654565,-79.384679,POINT (-79.38467900000001 43.654565)
493,7545,Baldwin St / Henry St - SMART,43.6560758,-79.393259,POINT (-79.393259 43.6560758)
494,7546,Ross St / Cecil St - SMART,43.6568254,-79.3966159,POINT (-79.3966159 43.6568254)
495,7547,Orde St / McCaul St - SMART,43.6580442,-79.3927404,POINT (-79.39274039999999 43.6580442)
496,7548,St Joseph St / Bay St - SMART,43.6657049,-79.3873183,POINT (-79.3873183 43.6657049)
497,7549,439 Sherbourne St - SMART,43.666051,-79.374161,POINT (-79.374161 43.666051)
498,7551,The Esplanade / Hahn Pl - SMART,43.649709,-79.364184,POINT (-79.36418399999999 43.649709)
499,7552,Lake Shore Blvd W / Thirty Ninth Street,43.5927419,-79.54033009999999,POINT (-79.54033009999999 43.5927419)
500,7553,Lake Shore Blvd W / Twenty Fourth St,43.597082,-79.522768,POINT (-79.522768 43.597082)
501,7554,Humber College,43.5961692,-79.5160575,POINT (-79.5160575 43.5961692)
502,7555,Royal York Rd / Mimico Ave,43.612063,-79.496573,POINT (-79.496573 43.612063)
503,7556,Windsor St / Newcastle St,43.6171635,-79.4971065,POINT (-79.4971065 43.6171635)
504,7557,The Queensway / High St,43.630874,-79.482407,POINT (-79.48240699999999 43.630874)
505,7558,Berry Rd / Bell Manor Dr,43.63732,-79.489083,POINT (-79.48908299999999 43.63732)
506,7559,Swansea Community Centre,43.6438036,-79.4770327,POINT (-79.4770327 43.6438036)
507,7560,Glenwood Ave / Runnymede Rd,43.656845,-79.478479,POINT (-79.47847899999999 43.656845)
508,7561,Annette St / Jane St,43.658574,-79.487246,POINT (-79.487246 43.658574)
509,7562,Priscilla  Ave / Dundas St W,43.664665,-79.489385,POINT (-79.489385 43.664665)
510,7563,St Clair Ave W / Castleton Ave,43.668496,-79.485426,POINT (-79.485426 43.668496)
511,7564,Durie St / Dundas St W,43.665523,-79.484892,POINT (-79.484892 43.665523)
512,7565,St Clair Ave W / Gunns Rd,43.672079,-79.470171,POINT (-79.47017099999999 43.672079)
513,7566,Weston Rd / St Clair Ave W,43.673019,-79.467994,POINT (-79.467994 43.673019)
514,7567,Weston Lions Park,43.698841,-79.519472,POINT (-79.51947199999999 43.698841)
515,7568,Jameson Ave / Queen St W,43.63985,-79.43703,POINT (-79.43702999999999 43.63985)
516,7569,Toronto Inukshuk Park,43.6323994,-79.40978179999999,POINT (-79.40978179999999 43.6323994)
517,7570,Carlaw Ave / Dundas St E,43.665076,-79.341509,POINT (-79.341509 43.665076)
518,7571,Highfield Rd / Gerrard St E,43.671771,-79.324961,POINT (-79.324961 43.671771)
519,7572,Cosburn Ave / Durant Ave,43.6935477,-79.3301658,POINT (-79.3301658 43.6935477)
520,7573,Torrens Ave / Broadview Ave,43.690375,-79.3549427,POINT (-79.3549427 43.690375)
521,7575,Bayview Ave / Lawren Harris Square,43.6548521,-79.35397680000001,POINT (-79.35397680000001 43.6548521)
522,7576,Front St E / Bayview Avenue,43.6535,-79.354068,POINT (-79.354068 43.6535)
523,7577,Oak St / Sumach St,43.6617908,-79.361515,POINT (-79.361515 43.6617908)
524,7578,Oak St / Parliament St,43.66081,-79.366238,POINT (-79.366238 43.66081)
525,7579,Glebe Rd W / Yonge St,43.7005976,-79.397345,POINT (-79.397345 43.7005976)
526,7580,Hillsdale Ave W / Yonge St,43.7029672,-79.3979073,POINT (-79.3979073 43.7029672)
527,7581,High Park Ave / Dundas St W,43.6653032,-79.4701178,POINT (-79.4701178 43.6653032)
528,7582,Alameda Ave / Vaughan Rd - SMART,43.690903,-79.4375028,POINT (-79.4375028 43.690903)
529,7583,Eglinton Ave W / Scarlett Rd,43.6834703,-79.5108942,POINT (-79.5108942 43.6834703)
530,7584,The Pond Rd / Sentinel Rd,43.7696262,-79.5025943,POINT (-79.5025943 43.7696262)
531,7585,Sentinel Rd / Finch Hydro Corridor,43.7641485,-79.5012809,POINT (-79.5012809 43.7641485)
532,7586,Finch West Subway Station,43.76521,-79.491281,POINT (-79.491281 43.76521)
533,7587,Dufferin St / Finch Hydro Recreational Trail,43.7724019,-79.4675395,POINT (-79.4675395 43.7724019)
534,7588,G Ross Lord Park,43.7781116,-79.467963,POINT (-79.467963 43.7781116)
535,7589,Torresdale Ave / Antibes Dr,43.77953,-79.45233,POINT (-79.45233 43.77953)
536,7590,Esther Shiner Stadium,43.7774374,-79.4447096,POINT (-79.4447096 43.7774374)
537,7591,Elwood Blvd / Avenue Rd,43.707049,-79.40966,POINT (-79.40966 43.707049)
538,7593,Roehampton St / Bayview Ave - SMART,43.711751,-79.378615,POINT (-79.378615 43.711751)
539,7594,Fleming Cres / Bayview Ave,43.707045,-79.375437,POINT (-79.37543700000001 43.707045)
540,7595,Moore Park,43.693256,-79.383238,POINT (-79.38323800000001 43.693256)
541,7596,Langford Ave / Danforth Ave - SMART,43.6800218,-79.3405681,POINT (-79.3405681 43.6800218)
542,7597,Yonge St / Golfdale Rd,43.732016,-79.403637,POINT (-79.403637 43.732016)
543,7598,Teddington Park Ave,43.732975,-79.40401,POINT (-79.40401 43.732975)
544,7599,Richmond St W / York St,43.650745,-79.383633,POINT (-79.383633 43.650745)
545,7600,Russell St / Huron St - SMART,43.660274,-79.398049,POINT (-79.398049 43.660274)
546,7601,Brick Works,43.683884,-79.36647,POINT (-79.36647000000001 43.683884)
547,7602,Woodbine Ave / O'Connor Dr,43.699281,-79.318802,POINT (-79.31880200000001 43.699281)
548,7603,O'Connor Dr / Curity Ave,43.707582,-79.311439,POINT (-79.31143899999999 43.707582)
549,7604,St Columba Pl / St Clair Ave E,43.70567,-79.310554,POINT (-79.310554 43.70567)
550,7605,Lumsden Ave / Eastdale Ave,43.695487,-79.301755,POINT (-79.301755 43.695487)
551,7606,Dawes Rd / Taylor Creek Trl,43.696631,-79.297436,POINT (-79.297436 43.696631)
552,7607,Fairmount Park,43.6765897,-79.3163022,POINT (-79.3163022 43.6765897)
553,7608,Wilket Creek Park,43.720645,-79.355474,POINT (-79.355474 43.720645)
554,7609,Sunnybrook Park,43.720233,-79.362092,POINT (-79.362092 43.720233)
555,7610,Kingston Rd / Beech Ave,43.680095,-79.291714,POINT (-79.291714 43.680095)
556,7611,Victoria Park Ave / Danforth Ave - SMART,43.691468,-79.288619,POINT (-79.288619 43.691468)
557,7612,Livingston Rd / Guildwood Pkwy,43.747854,-79.199327,POINT (-79.199327 43.747854)
558,7613,Livingston Rd (Highland Creek Trail),43.7561681,-79.2026694,POINT (-79.2026694 43.7561681)
559,7614,Morningside Park (Highland Creek Trail),43.779353,-79.193023,POINT (-79.193023 43.779353)
560,7615,Colonel Danforth Park,43.7777114,-79.1659711,POINT (-79.16597109999999 43.7777114)
561,7616,Waterfront Trail (Rouge Hill),43.778015,-79.131911,POINT (-79.131911 43.778015)
562,7617,Starspray Ave / Lawrence Ave E,43.788319,-79.123505,POINT (-79.12350499999999 43.788319)
563,7618,Vaughan Rd / Oakwood Ave,43.6926825,-79.441042,POINT (-79.441042 43.6926825)
564,7619,Braemar Ave / Eglinton Ave W,43.7041957,-79.4094472,POINT (-79.4094472 43.7041957)
565,7620,Eglinton Ave E / Redpath Ave,43.7078691,-79.39248,POINT (-79.39248000000001 43.7078691)
566,7621,Long Branch GO Station,43.591561,-79.545827,POINT (-79.545827 43.591561)
567,7622,Marie Curtis Park,43.5880774,-79.5432067,POINT (-79.5432067 43.5880774)
568,7623,Royal York Rd / Lake Shore Blvd W,43.6029904,-79.4926867,POINT (-79.49268669999999 43.6029904)
569,7624,Guildwood GO Station (South),43.754978,-79.1971289,POINT (-79.1971289 43.754978)
570,7625,Guildwood GO Station (North),43.755344,-79.1974169,POINT (-79.19741689999999 43.755344)
571,7626,Rouge Hill GO Station,43.7805505,-79.1301203,POINT (-79.1301203 43.7805505)
572,7627,Shaw St / Essex St - SMART,43.667076,-79.425116,POINT (-79.425116 43.667076)
573,7629,Lundy Ave / Etienne Brule Park,43.6625395,-79.5030161,POINT (-79.5030161 43.6625395)
574,7630,Twelfth St / Thirteenth St,43.6002896,-79.5108692,POINT (-79.5108692 43.6002896)
575,7631,Florence Gell Park,43.6615467,-79.498398,POINT (-79.49839799999999 43.6615467)
576,7632,Chiltern Hill Rd / Eglinton Ave W,43.7004017,-79.4275305,POINT (-79.4275305 43.7004017)
577,7633,Noble St / Queen St W,43.6424558,-79.4296346,POINT (-79.4296346 43.6424558)
578,7634,University Ave / Gerrard St W (West Side),43.6578449,-79.3899265,POINT (-79.3899265 43.6578449)
579,7635,Runnymede Rd / Annette St,43.6596299,-79.4799176,POINT (-79.47991759999999 43.6596299)
580,7636,Bloor St W / Riverside Ave,43.6475708,-79.4873058,POINT (-79.4873058 43.6475708)
581,7637,Judson St / Royal York,43.6162721,-79.4990363,POINT (-79.4990363 43.6162721)
582,7639,Riverview Gardens,43.64900249999999,-79.486355,POINT (-79.486355 43.64900249999999)
583,7640,Spadina Rd / St.Clair Ave West,43.6842741,-79.4100625,POINT (-79.4100625 43.6842741)
584,7641,Annette St / Dundas W,43.6641174,-79.4588522,POINT (-79.4588522 43.6641174)
585,7642,Yonge St / St Clair Ave,43.68850459999999,-79.3940052,POINT (-79.3940052 43.68850459999999)
586,7643,Oriole Pkwy / Kilbarry Rd,43.6954486,-79.4026176,POINT (-79.4026176 43.6954486)
587,7644,East Lynn Ave / Danforth Ave,43.6850809,-79.3149901,POINT (-79.3149901 43.6850809)
588,7645,University of Toronto Scarborough,43.7842419,-79.1849889,POINT (-79.18498889999999 43.7842419)
589,7646,University Ave / Richmond St W,43.6503935,-79.3860211,POINT (-79.38602109999999 43.6503935)
590,7647,Elm St/ University Ave (East),43.65637299999999,-79.38781039999999,POINT (-79.38781039999999 43.65637299999999)
591,7648,Rosedale Station,43.67697949999999,-79.38886389999999,POINT (-79.38886389999999 43.67697949999999)
592,7649,Greenwood Subway Station,43.6825806,-79.3302954,POINT (-79.3302954 43.6825806)
593,7650,St Clair W Subway - Heath Entrance,43.686339,-79.4152162,POINT (-79.4152162 43.686339)
594,7651,Bloor St W / Gladstone Ave - SMART,43.65997369999999,-79.43390540000001,POINT (-79.43390540000001 43.65997369999999)
595,7653,Bloor St W / Indian Rd,43.6555257,-79.45738940000001,POINT (-79.45738940000001 43.6555257)
596,7654,Bloor St W / Pacific Ave - SMART,43.65412449999999,-79.4636388,POINT (-79.4636388 43.65412449999999)
597,7655,Danforth Ave / Dewhurst Blvd,43.680207,-79.339243,POINT (-79.339243 43.680207)
598,7656,Bloor St W / Brock Ave,43.6589882,-79.438715,POINT (-79.438715 43.6589882)
599,7657,1 Market St - SMART,43.6469928,-79.3706665,POINT (-79.3706665 43.6469928)
600,7658,Holland Park Ave / Oakwood Ave,43.6862918,-79.4382408,POINT (-79.4382408 43.6862918)
601,7659,Amroth Ave / Danforth Ave,43.6856128,-79.31168269999999,POINT (-79.31168269999999 43.6856128)
602,7660,285 Victoria St,43.656633,-79.379625,POINT (-79.379625 43.656633)
603,7662,Beaty Ave / Queen St W,43.6393107,-79.4408141,POINT (-79.4408141 43.6393107)
604,7663,Kilgour Rd / Rumsey Rd,43.718039,-79.371914,POINT (-79.371914 43.718039)
605,7664,Sunnybrook Health Center - L Wing,43.72268,-79.37644,POINT (-79.37644 43.72268)
606,7665,Sunnybrook Health Centre - S Wing,43.7206694,-79.3775527,POINT (-79.3775527 43.7206694)
607,7666,Dundas St W / St Helen Ave,43.6504218,-79.4407647,POINT (-79.4407647 43.6504218)
