Date,Sessions
3/31/2019,68335
3/30/2019,60763
3/29/2019,113197
3/28/2019,133210
3/27/2019,134408
3/26/2019,138665
3/25/2019,149040
3/24/2019,68399
3/23/2019,69993
3/22/2019,126321
3/21/2019,127891
3/20/2019,134131
3/19/2019,138464
3/18/2019,138285
3/17/2019,62936
3/16/2019,61905
3/15/2019,112140
3/14/2019,128995
3/13/2019,134476
3/12/2019,137474
3/11/2019,143654
3/10/2019,66743
3/9/2019,65528
3/8/2019,115855
3/7/2019,131038
3/6/2019,137232
3/5/2019,135191
3/4/2019,138215
3/3/2019,66821
3/2/2019,61803
3/1/2019,113094
2/28/2019,129354
2/27/2019,129405
2/26/2019,142241
2/25/2019,143801
2/24/2019,68469
2/23/2019,64402
2/22/2019,119184
2/21/2019,135829
2/20/2019,139675
2/19/2019,142353
2/18/2019,121350
2/17/2019,66777
2/16/2019,66348
2/15/2019,116097
2/14/2019,124311
2/13/2019,134289
2/12/2019,138609
2/11/2019,143717
2/10/2019,70616
2/9/2019,69565
2/8/2019,122860
2/7/2019,143011
2/6/2019,136100
2/5/2019,143844
2/4/2019,146686
2/3/2019,59835
2/2/2019,59543
2/1/2019,113859
1/31/2019,32388
1/30/2019,33588
1/29/2019,35795
1/28/2019,36067
1/27/2019,23614
1/26/2019,22391
1/25/2019,29536
1/24/2019,32003
1/23/2019,33775
1/22/2019,34452
1/21/2019,30400
1/20/2019,23130
1/19/2019,22321
1/18/2019,30095
1/17/2019,34502
1/16/2019,35032
1/15/2019,34766
1/14/2019,34829
1/13/2019,23172
1/12/2019,22101
1/11/2019,29953
1/10/2019,31919
1/9/2019,32059
1/8/2019,33975
1/7/2019,36120
1/6/2019,24521
1/5/2019,25006
1/4/2019,32779
1/3/2019,36010
1/2/2019,36890
1/1/2019,26010
12/31/2018,26966
12/30/2018,22552
12/29/2018,21116
12/28/2018,28323
12/27/2018,31979
12/26/2018,31292
12/25/2018,17036
12/24/2018,15532
12/23/2018,17421
12/22/2018,17920
12/21/2018,23780
12/20/2018,26722
12/19/2018,27856
12/18/2018,28527
12/17/2018,30652
12/16/2018,19605
12/15/2018,18591
12/14/2018,25532
12/13/2018,29559
12/12/2018,29427
12/11/2018,30717
12/10/2018,30814
12/9/2018,19610
12/8/2018,18046
12/7/2018,25333
12/6/2018,28312
12/5/2018,29581
12/4/2018,30606
12/3/2018,31396
12/2/2018,20696
12/1/2018,19827
11/30/2018,27227
11/29/2018,29628
11/28/2018,29803
11/27/2018,31580
11/26/2018,33153
11/25/2018,23220
11/24/2018,20298
11/23/2018,20309
11/22/2018,14750
11/21/2018,25452
11/20/2018,30058
11/19/2018,30707
11/18/2018,20442
11/17/2018,17016
11/16/2018,27240
11/15/2018,31661
11/14/2018,31503
11/13/2018,32673
11/12/2018,30256
11/11/2018,19991
11/10/2018,19545
11/9/2018,26710
11/8/2018,31231
11/7/2018,32868
11/6/2018,35666
11/5/2018,35040
11/4/2018,24612
11/3/2018,22516
11/2/2018,32409
11/1/2018,34317
10/31/2018,30895
10/30/2018,34738
10/29/2018,37284
10/28/2018,43516
10/27/2018,29124
10/26/2018,36516
10/25/2018,49126
10/24/2018,47710
10/23/2018,58641
10/22/2018,130519
10/21/2018,25501
10/20/2018,21135
10/19/2018,27632
10/18/2018,32885
10/17/2018,31976
10/16/2018,33097
10/15/2018,32770
10/14/2018,21726
10/13/2018,19208
10/12/2018,27349
10/11/2018,30661
10/10/2018,31219
10/9/2018,33422
10/8/2018,34085
10/7/2018,22729
10/6/2018,19920
10/5/2018,28999
10/4/2018,33342
10/3/2018,32547
10/2/2018,32838
10/1/2018,33590
9/30/2018,21719
9/29/2018,20756
9/28/2018,27106
9/27/2018,29003
9/26/2018,30585
9/25/2018,32577
9/24/2018,33388
9/23/2018,24237
9/22/2018,21948
9/21/2018,28578
9/20/2018,31229
9/19/2018,31560
9/18/2018,32427
9/17/2018,33475
9/16/2018,22351
9/15/2018,21274
9/14/2018,28157
9/13/2018,31290
9/12/2018,32537
9/11/2018,32666
9/10/2018,33408
9/9/2018,22296
9/8/2018,21933
9/7/2018,29236
9/6/2018,34003
9/5/2018,34963
9/4/2018,36905
9/3/2018,27336
9/2/2018,26330
9/1/2018,25169
8/31/2018,31351
8/30/2018,34906
8/29/2018,34563
8/28/2018,34462
8/27/2018,36766
8/26/2018,26325
8/25/2018,26650
8/24/2018,33839
8/23/2018,37443
8/22/2018,34754
8/21/2018,34483
8/20/2018,35787
8/19/2018,25699
8/18/2018,25851
8/17/2018,32233
8/16/2018,35017
8/15/2018,40792
8/14/2018,36799
8/13/2018,42471
8/12/2018,30704
8/11/2018,24793
8/10/2018,31494
8/9/2018,39073
8/8/2018,36789
8/7/2018,36677
8/6/2018,38859
8/5/2018,26731
8/4/2018,26149
8/3/2018,33314
8/2/2018,37417
8/1/2018,38305
7/31/2018,38153
7/30/2018,39841
7/29/2018,19224
7/28/2018,28189
7/27/2018,34947
7/26/2018,35435
7/25/2018,36684
7/24/2018,37355
7/23/2018,38357
7/22/2018,26971
7/21/2018,26886
7/20/2018,33590
7/19/2018,35586
7/18/2018,37643
7/17/2018,37109
7/16/2018,38577
7/15/2018,26177
7/14/2018,26513
7/13/2018,33145
7/12/2018,37102
7/11/2018,36518
7/10/2018,36491
7/9/2018,37363
7/8/2018,27030
7/7/2018,25471
7/6/2018,33983
7/5/2018,38622
7/4/2018,31423
7/3/2018,40588
7/2/2018,39988
7/1/2018,28358
6/30/2018,26640
6/29/2018,34619
6/28/2018,40675
6/27/2018,37218
6/26/2018,38900
6/25/2018,39314
6/24/2018,27815
6/23/2018,26930
6/22/2018,34109
6/21/2018,36907
6/20/2018,36460
6/19/2018,37026
6/18/2018,37168
6/17/2018,23748
6/16/2018,25763
6/15/2018,33793
6/14/2018,38992
6/13/2018,39636
6/12/2018,40433
6/11/2018,41798
6/10/2018,28757
6/9/2018,27102
6/8/2018,34780
6/7/2018,36741
6/6/2018,38897
6/5/2018,41429
6/4/2018,42150
6/3/2018,30348
6/2/2018,30358
6/1/2018,36503
5/31/2018,40128
5/30/2018,39501
5/29/2018,42733
5/28/2018,33065
5/27/2018,31691
5/26/2018,29500
5/25/2018,34884
5/24/2018,35771
5/23/2018,34863
5/22/2018,38236
5/21/2018,38611
5/20/2018,18342
5/19/2018,24211
5/18/2018,31519
5/17/2018,36416
5/16/2018,37348
5/15/2018,38963
5/14/2018,37228
5/13/2018,23245
5/12/2018,23570
5/11/2018,31823
5/10/2018,33783
5/9/2018,34970
5/8/2018,35039
5/7/2018,38603
5/6/2018,25674
5/5/2018,22743
5/4/2018,29346
5/3/2018,31705
5/2/2018,32014
5/1/2018,33341
4/30/2018,35207
4/29/2018,23754
4/28/2018,22451
4/27/2018,29384
4/26/2018,33327
4/25/2018,33105
4/24/2018,34256
4/23/2018,35322
4/22/2018,21257
4/21/2018,20696
4/20/2018,29578
4/19/2018,32497
4/18/2018,36602
4/17/2018,35694
4/16/2018,35340
4/15/2018,23740
4/14/2018,22545
4/13/2018,30383
4/12/2018,33846
4/11/2018,35899
4/10/2018,36238
4/9/2018,35409
4/8/2018,20382
4/7/2018,21059
4/6/2018,29332
4/5/2018,33259
4/4/2018,37567
4/3/2018,35883
4/2/2018,37188
4/1/2018,20412
3/31/2018,22071
3/30/2018,29944
3/29/2018,34256
3/28/2018,34692
3/27/2018,35471
3/26/2018,36719
3/25/2018,24352
3/24/2018,23152
3/23/2018,31244
3/22/2018,37219
3/21/2018,39855
3/20/2018,40584
3/19/2018,43840
3/18/2018,26641
3/17/2018,24612
3/16/2018,29823
3/15/2018,32628
3/14/2018,34367
3/13/2018,35048
3/12/2018,38253
3/11/2018,23608
3/10/2018,24664
3/9/2018,33627
3/8/2018,42547
3/7/2018,34173
3/6/2018,36745
3/5/2018,36515
3/4/2018,23720
3/3/2018,23141
3/2/2018,30608
3/1/2018,34280
2/28/2018,33696
2/27/2018,34762
2/26/2018,34654
2/25/2018,22863
2/24/2018,22236
2/23/2018,28616
2/22/2018,31009
2/21/2018,32600
2/20/2018,34737
2/19/2018,30423
2/18/2018,21483
2/17/2018,20649
2/16/2018,27988
2/15/2018,31294
2/14/2018,27641
2/13/2018,31157
2/12/2018,34745
2/11/2018,21275
2/10/2018,21744
2/9/2018,28609
2/8/2018,32499
2/7/2018,31846
2/6/2018,31876
2/5/2018,37967
2/4/2018,21882
2/3/2018,23114
2/2/2018,32292
2/1/2018,37169
1/31/2018,36552
1/30/2018,37176
1/29/2018,38545
1/28/2018,24475
1/27/2018,22799
1/26/2018,31871
1/25/2018,35334
1/24/2018,36255
1/23/2018,37184
1/22/2018,37147
1/21/2018,23673
1/20/2018,23121
1/19/2018,33031
1/18/2018,36995
1/17/2018,40551
1/16/2018,49730
1/15/2018,42668
1/14/2018,24554
1/13/2018,22118
1/12/2018,32003
1/11/2018,34896
1/10/2018,36394
1/9/2018,36703
1/8/2018,39058
1/7/2018,24561
1/6/2018,24285
1/5/2018,34007
1/4/2018,38253
1/3/2018,40279
1/2/2018,43113
1/1/2018,28364
12/31/2017,26219
12/30/2017,23816
12/29/2017,29804
12/28/2017,33822
12/27/2017,35037
12/26/2017,29258
12/25/2017,17365
12/24/2017,15218
12/23/2017,17000
12/22/2017,24061
12/21/2017,28712
12/20/2017,30782
12/19/2017,31900
12/18/2017,33863
12/17/2017,19606
12/16/2017,18014
12/15/2017,27166
12/14/2017,32016
12/13/2017,35121
12/12/2017,32833
12/11/2017,33298
12/10/2017,20487
12/9/2017,19343
12/8/2017,30382
12/7/2017,36474
12/6/2017,31212
12/5/2017,32721
12/4/2017,35257
12/3/2017,21828
12/2/2017,21390
12/1/2017,29782
11/30/2017,34130
11/29/2017,34161
11/28/2017,35275
11/27/2017,36763
11/26/2017,26605
11/25/2017,22628
11/24/2017,21824
11/23/2017,14874
11/22/2017,27346
11/21/2017,33182
11/20/2017,34840
11/19/2017,21940
11/18/2017,21134
11/17/2017,29916
11/16/2017,34039
11/15/2017,34501
11/14/2017,36098
11/13/2017,37118
11/12/2017,22852
11/11/2017,21866
11/10/2017,28203
11/9/2017,35719
11/8/2017,34766
11/7/2017,43018
11/6/2017,39786
11/5/2017,24734
11/4/2017,23269
11/3/2017,33274
11/2/2017,35606
11/1/2017,35532
10/31/2017,32740
10/30/2017,37868
10/29/2017,25872
10/28/2017,27618
10/27/2017,32616
10/26/2017,35530
10/25/2017,35718
10/24/2017,37154
10/23/2017,40123
10/22/2017,22390
10/21/2017,20979
10/20/2017,30389
10/19/2017,33910
10/18/2017,33899
10/17/2017,34798
10/16/2017,36403
10/15/2017,21888
10/14/2017,19396
10/13/2017,29149
10/12/2017,34735
10/11/2017,33982
10/10/2017,34660
10/9/2017,37446
10/8/2017,22636
10/7/2017,20229
10/6/2017,29717
10/5/2017,33887
10/4/2017,34637
10/3/2017,34826
10/2/2017,36102
10/1/2017,22708
9/30/2017,21549
9/29/2017,30516
9/28/2017,35215
9/27/2017,34442
9/26/2017,34875
9/25/2017,36023
9/24/2017,22268
9/23/2017,20600
9/22/2017,29574
9/21/2017,33939
9/20/2017,34938
9/19/2017,35131
9/18/2017,37875
9/17/2017,22762
9/16/2017,22068
9/15/2017,32232
9/14/2017,35263
9/13/2017,35706
9/12/2017,35358
9/11/2017,36745
9/10/2017,22451
9/9/2017,21589
9/8/2017,30495
9/7/2017,34136
9/6/2017,35025
9/5/2017,38144
9/4/2017,28829
9/3/2017,25342
9/2/2017,23848
9/1/2017,33041
8/31/2017,38765
8/30/2017,40651
8/29/2017,45223
8/28/2017,59716
8/27/2017,49523
8/26/2017,42250
8/25/2017,41516
8/24/2017,37595
8/23/2017,36515
8/22/2017,37208
8/21/2017,36591
8/20/2017,26051
8/19/2017,27927
8/18/2017,34575
8/17/2017,38777
8/16/2017,38059
8/15/2017,38233
8/14/2017,41076
8/13/2017,25504
8/12/2017,26069
8/11/2017,35437
8/10/2017,39427
8/9/2017,38379
8/8/2017,39974
8/7/2017,40547
8/6/2017,26208
8/5/2017,26631
8/4/2017,37227
8/3/2017,40097
8/2/2017,41793
8/1/2017,41270
7/31/2017,42651
7/30/2017,28993
7/29/2017,30088
7/28/2017,39440
7/27/2017,43733
7/26/2017,41416
7/25/2017,41389
7/24/2017,43905
7/23/2017,28226
7/22/2017,29536
7/21/2017,37954
7/20/2017,41196
7/19/2017,42426
7/18/2017,42242
7/17/2017,43164
7/16/2017,28492
7/15/2017,27480
7/14/2017,36277
7/13/2017,40419
7/12/2017,41919
7/11/2017,41397
7/10/2017,44750
7/9/2017,30525
7/8/2017,30586
7/7/2017,39501
7/6/2017,43161
7/5/2017,46663
7/4/2017,34524
7/3/2017,44127
7/2/2017,31549
7/1/2017,29907
6/30/2017,37369
6/29/2017,41322
6/28/2017,42598
6/27/2017,43170
6/26/2017,43239
6/25/2017,27762
6/24/2017,26368
6/23/2017,39162
6/22/2017,43014
6/21/2017,42854
6/20/2017,44227
6/19/2017,43810
6/18/2017,27097
6/17/2017,27675
6/16/2017,37831
6/15/2017,42064
6/14/2017,41304
6/13/2017,42608
6/12/2017,43428
6/11/2017,29087
6/10/2017,28025
6/9/2017,37233
6/8/2017,40704
6/7/2017,43432
6/6/2017,42928
6/5/2017,44080
6/4/2017,28077
6/3/2017,26561
6/2/2017,37914
6/1/2017,40791
5/31/2017,41864
5/30/2017,43444
5/29/2017,31326
5/28/2017,28082
5/27/2017,29176
5/26/2017,36239
5/25/2017,38475
5/24/2017,40023
5/23/2017,39374
5/22/2017,40896
5/21/2017,23894
5/20/2017,23107
5/19/2017,33188
5/18/2017,37025
5/17/2017,38799
5/16/2017,39056
5/15/2017,41965
5/14/2017,23184
5/13/2017,23509
5/12/2017,32881
5/11/2017,36259
5/10/2017,37501
5/9/2017,39388
5/8/2017,41091
5/7/2017,26121
5/6/2017,58628
5/5/2017,101054
5/4/2017,120306
5/3/2017,126852
5/2/2017,131679
5/1/2017,142843
4/30/2017,63408
4/29/2017,57174
4/28/2017,99703
4/27/2017,121568
4/26/2017,128116
4/25/2017,129740
4/24/2017,131443
4/23/2017,62326
4/22/2017,56723
4/21/2017,105028
4/20/2017,122409
4/19/2017,127096
4/18/2017,137500
4/17/2017,133186
4/16/2017,59670
4/15/2017,61028
4/14/2017,99602
4/13/2017,125668
4/12/2017,127234
4/11/2017,131175
4/10/2017,134359
4/9/2017,64493
4/8/2017,60565
4/7/2017,103544
4/6/2017,120287
4/5/2017,124546
4/4/2017,39967
4/3/2017,43813
4/2/2017,27483
4/1/2017,24733
3/31/2017,33694
3/30/2017,36726
3/29/2017,39050
3/28/2017,40165
3/27/2017,42798
3/26/2017,27008
3/25/2017,25018
3/24/2017,34049
3/23/2017,38056
3/22/2017,39033
3/21/2017,39607
3/20/2017,40932
3/19/2017,25687
3/18/2017,23367
3/17/2017,30929
3/16/2017,35235
3/15/2017,37080
3/14/2017,39160
3/13/2017,37603
3/12/2017,24305
3/11/2017,23684
3/10/2017,33375
3/9/2017,36795
3/8/2017,37309
3/7/2017,38790
3/6/2017,40380
3/5/2017,24284
3/4/2017,23317
3/3/2017,33952
3/2/2017,38652
3/1/2017,39456
2/28/2017,39753
2/27/2017,41492
2/26/2017,24237
2/25/2017,24297
2/24/2017,35113
2/23/2017,38552
2/22/2017,39481
2/21/2017,41054
2/20/2017,36258
2/19/2017,25841
2/18/2017,27284
2/17/2017,34998
2/16/2017,37818
2/15/2017,37762
2/14/2017,34670
2/13/2017,39272
2/12/2017,25652
2/11/2017,26702
2/10/2017,38438
2/9/2017,37922
2/8/2017,39052
2/7/2017,40080
2/6/2017,39179
2/5/2017,20798
2/4/2017,22551
2/3/2017,32268
2/2/2017,37339
2/1/2017,37921
1/31/2017,39015
1/30/2017,39507
1/29/2017,25088
1/28/2017,24405
1/27/2017,32562
1/26/2017,37652
1/25/2017,39076
1/24/2017,37971
1/23/2017,38768
1/22/2017,23696
1/21/2017,22628
1/20/2017,30608
1/19/2017,35385
1/18/2017,36920
1/17/2017,38318
1/16/2017,32949
1/15/2017,23375
1/14/2017,22129
1/13/2017,32956
1/12/2017,37146
1/11/2017,36732
1/10/2017,37119
1/9/2017,39011
1/8/2017,25757
1/7/2017,26135
1/6/2017,35386
1/5/2017,38783
1/4/2017,40692
1/3/2017,43463
1/2/2017,32027
1/1/2017,23743
12/31/2016,39074
12/30/2016,31597
12/29/2016,33369
12/28/2016,34456
12/27/2016,34223
12/26/2016,25201
12/25/2016,15313
12/24/2016,14622
12/23/2016,20888
12/22/2016,27642
12/21/2016,30602
12/20/2016,30655
12/19/2016,31518
12/18/2016,19145
12/17/2016,19720
12/16/2016,27420
12/15/2016,31778
12/14/2016,31856
12/13/2016,34522
12/12/2016,34264
12/11/2016,20373
12/10/2016,19291
12/9/2016,28507
12/8/2016,32829
12/7/2016,32784
12/6/2016,34176
12/5/2016,35780
12/4/2016,20420
12/3/2016,19854
12/2/2016,30801
12/1/2016,33871
11/30/2016,35125
11/29/2016,36793
11/28/2016,38443
11/27/2016,24990
11/26/2016,21157
11/25/2016,20945
11/24/2016,15813
11/23/2016,31447
11/22/2016,33085
11/21/2016,34807
11/20/2016,20184
11/19/2016,19623
11/18/2016,30906
11/17/2016,36063
11/16/2016,36329
11/15/2016,36457
11/14/2016,37273
11/13/2016,22351
11/12/2016,19541
11/11/2016,29926
11/10/2016,34932
11/9/2016,31851
11/8/2016,29293
11/7/2016,37369
11/6/2016,22743
11/5/2016,20505
11/4/2016,31201
11/3/2016,35534
11/2/2016,35689
11/1/2016,37328
10/31/2016,34541
10/30/2016,21658
10/29/2016,20999
10/28/2016,31459
10/27/2016,35869
10/26/2016,36796
10/25/2016,38221
10/24/2016,41075
10/23/2016,23207
10/22/2016,20956
10/21/2016,32453
10/20/2016,36208
10/19/2016,36096
10/18/2016,38082
10/17/2016,38668
10/16/2016,23232
10/15/2016,21844
10/14/2016,31928
10/13/2016,34763
10/12/2016,35783
10/11/2016,37278
10/10/2016,37326
10/9/2016,21250
10/8/2016,20428
10/7/2016,31814
10/6/2016,38967
10/5/2016,40868
10/4/2016,37972
10/3/2016,37565
10/2/2016,21906
10/1/2016,20692
9/30/2016,30552
9/29/2016,35534
9/28/2016,36531
9/27/2016,34922
9/26/2016,34970
9/25/2016,22271
9/24/2016,22063
9/23/2016,34018
9/22/2016,36996
9/21/2016,36369
9/20/2016,37013
9/19/2016,39822
9/18/2016,24940
9/17/2016,24882
9/16/2016,34355
9/15/2016,36031
9/14/2016,36826
9/13/2016,37481
9/12/2016,39446
9/11/2016,24252
9/10/2016,23947
9/9/2016,33616
9/8/2016,37718
9/7/2016,37573
9/6/2016,41593
9/5/2016,28646
9/4/2016,25384
9/3/2016,25277
9/2/2016,33608
9/1/2016,38220
8/31/2016,37529
8/30/2016,41563
8/29/2016,39971
8/28/2016,26078
8/27/2016,25575
8/26/2016,34181
8/25/2016,38163
8/24/2016,38013
8/23/2016,39540
8/22/2016,39947
8/21/2016,25063
8/20/2016,24990
8/19/2016,35975
8/18/2016,39149
8/17/2016,38107
8/16/2016,40603
8/15/2016,40487
8/14/2016,24131
8/13/2016,25198
8/12/2016,36695
8/11/2016,40513
8/10/2016,41236
8/9/2016,42834
8/8/2016,44205
8/7/2016,27725
8/6/2016,27704
8/5/2016,36975
8/4/2016,41056
8/3/2016,41698
8/2/2016,42173
8/1/2016,43353
7/31/2016,31257
7/30/2016,28041
7/29/2016,36571
7/28/2016,39860
7/27/2016,39925
7/26/2016,41550
7/25/2016,44566
7/24/2016,31276
7/23/2016,32325
7/22/2016,40807
7/21/2016,44408
7/20/2016,44499
7/19/2016,45322
7/18/2016,45285
7/17/2016,30598
7/16/2016,29829
7/15/2016,39251
7/14/2016,42354
7/13/2016,44650
7/12/2016,43543
7/11/2016,45837
7/10/2016,29900
7/9/2016,30496
7/8/2016,40653
7/7/2016,44915
7/6/2016,49256
7/5/2016,47456
7/4/2016,34751
7/3/2016,32995
7/2/2016,31673
7/1/2016,38990
6/30/2016,42034
6/29/2016,43554
6/28/2016,45975
6/27/2016,48620
6/26/2016,30622
6/25/2016,29219
6/24/2016,40675
6/23/2016,44678
6/22/2016,45425
6/21/2016,46071
6/20/2016,47646
6/19/2016,28358
6/18/2016,30217
6/17/2016,41868
6/16/2016,52262
6/15/2016,44578
6/14/2016,44046
6/13/2016,47258
6/12/2016,31239
6/11/2016,32483
6/10/2016,43050
6/9/2016,46303
6/8/2016,48631
6/7/2016,53069
6/6/2016,53785
6/5/2016,33489
6/4/2016,28938
6/3/2016,39561
6/2/2016,46485
6/1/2016,50925
5/31/2016,44884
5/30/2016,33232
5/29/2016,30129
5/28/2016,30571
5/27/2016,41622
5/26/2016,41618
5/25/2016,41407
5/24/2016,42770
5/23/2016,45720
5/22/2016,29087
5/21/2016,28981
5/20/2016,39998
5/19/2016,46030
5/18/2016,45598
5/17/2016,43671
5/16/2016,43680
5/15/2016,25590
5/14/2016,24911
5/13/2016,36118
5/12/2016,40954
5/11/2016,40703
5/10/2016,43429
5/9/2016,52342
5/8/2016,23493
5/7/2016,25238
5/6/2016,34088
5/5/2016,38885
5/4/2016,39195
5/3/2016,40117
5/2/2016,42881
5/1/2016,25771
4/30/2016,26842
4/29/2016,43141
4/28/2016,38187
4/27/2016,41685
4/26/2016,40930
4/25/2016,44160
4/24/2016,24963
4/23/2016,24332
4/22/2016,33141
4/21/2016,36827
4/20/2016,39040
4/19/2016,41834
4/18/2016,48648
4/17/2016,29415
4/16/2016,23074
4/15/2016,34687
4/14/2016,38711
4/13/2016,40884
4/12/2016,41292
4/11/2016,43595
4/10/2016,26955
4/9/2016,24137
4/8/2016,37247
4/7/2016,41691
4/6/2016,42154
4/5/2016,41891
4/4/2016,42817
4/3/2016,26097
4/2/2016,23561
4/1/2016,34641
3/31/2016,38828
3/30/2016,40629
3/29/2016,42717
3/28/2016,43890
3/27/2016,25905
3/26/2016,25027
3/25/2016,34183
3/24/2016,41195
3/23/2016,41296
3/22/2016,41639
3/21/2016,43769
3/20/2016,28263
3/19/2016,26448
3/18/2016,33701
3/17/2016,36058
3/16/2016,39734
3/15/2016,41919
3/14/2016,41764
3/13/2016,25908
3/12/2016,24906
3/11/2016,37165
3/10/2016,43161
3/9/2016,41412
3/8/2016,41520
3/7/2016,42985
3/6/2016,27445
3/5/2016,29474
3/4/2016,39080
3/3/2016,41372
3/2/2016,41947
3/1/2016,50289
2/29/2016,45804
2/28/2016,25642
2/27/2016,24359
2/26/2016,35402
2/25/2016,40733
2/24/2016,43828
2/23/2016,43884
2/22/2016,44300
2/21/2016,26686
2/20/2016,24866
2/19/2016,37099
2/18/2016,40077
2/17/2016,41088
2/16/2016,42180
2/15/2016,37130
2/14/2016,23710
2/13/2016,23248
2/12/2016,33875
2/11/2016,39589
2/10/2016,38467
2/9/2016,38461
2/8/2016,40244
2/7/2016,22956
2/6/2016,24747
2/5/2016,37690
2/4/2016,40946
2/3/2016,37736
2/2/2016,39168
2/1/2016,41426
1/31/2016,25710
1/30/2016,24119
1/29/2016,34521
1/28/2016,39552
1/27/2016,38317
1/26/2016,38585
1/25/2016,41332
1/24/2016,24414
1/23/2016,24135
1/22/2016,34474
1/21/2016,37613
1/20/2016,39167
1/19/2016,39982
1/18/2016,31748
1/17/2016,24280
1/16/2016,22941
1/15/2016,33412
1/14/2016,36794
1/13/2016,36647
1/12/2016,37487
1/11/2016,38417
1/10/2016,24446
1/9/2016,23541
1/8/2016,34011
1/7/2016,37259
1/6/2016,38614
1/5/2016,38683
1/4/2016,41692
1/3/2016,26208
1/2/2016,24867
1/1/2016,23920
12/31/2015,40536
12/30/2015,37575
12/29/2015,36129
12/28/2015,36501
12/27/2015,24896
12/26/2015,22310
12/25/2015,15778
12/24/2015,18320
12/23/2015,28673
12/22/2015,31695
12/21/2015,32915
12/20/2015,21096
12/19/2015,20256
12/18/2015,28487
12/17/2015,34490
12/16/2015,33021
12/15/2015,34026
12/14/2015,36253
12/13/2015,22001
12/12/2015,21610
12/11/2015,36898
12/10/2015,33638
12/9/2015,34552
12/8/2015,34228
12/7/2015,35069
12/6/2015,20981
12/5/2015,19970
12/4/2015,29979
12/3/2015,33243
12/2/2015,34597
12/1/2015,35024
11/30/2015,36599
11/29/2015,24046
11/28/2015,20295
11/27/2015,20523
11/26/2015,14342
11/25/2015,27207
11/24/2015,32693
11/23/2015,34228
11/22/2015,21451
11/21/2015,22019
11/20/2015,31951
11/19/2015,35618
11/18/2015,35194
11/17/2015,38039
11/16/2015,39752
11/15/2015,22090
11/14/2015,20181
11/13/2015,31603
11/12/2015,36193
11/11/2015,32293
11/10/2015,36751
11/9/2015,38285
11/8/2015,23432
11/7/2015,31776
11/6/2015,37273
11/5/2015,37922
11/4/2015,38619
11/3/2015,43442
11/2/2015,41682
11/1/2015,26906
10/31/2015,28303
10/30/2015,64309
10/29/2015,32741
10/28/2015,35203
10/27/2015,35510
10/26/2015,37102
10/25/2015,23369
10/24/2015,27091
10/23/2015,33650
10/22/2015,35598
10/21/2015,36289
10/20/2015,38570
10/19/2015,38709
10/18/2015,23720
10/17/2015,22057
10/16/2015,34304
10/15/2015,39771
10/14/2015,39136
10/13/2015,38228
10/12/2015,39470
10/11/2015,24729
10/10/2015,22414
10/9/2015,32891
10/8/2015,37157
10/7/2015,37249
10/6/2015,39182
10/5/2015,39256
10/4/2015,23337
10/3/2015,22587
10/2/2015,33936
10/1/2015,39725
9/30/2015,38687
9/29/2015,38863
9/28/2015,39220
9/27/2015,24183
9/26/2015,22911
9/25/2015,33497
9/24/2015,36138
9/23/2015,38654
9/22/2015,39467
9/21/2015,39500
9/20/2015,24837
9/19/2015,22580
9/18/2015,32649
9/17/2015,37796
9/16/2015,37873
9/15/2015,42123
9/14/2015,39980
9/13/2015,25296
9/12/2015,24906
9/11/2015,34363
9/10/2015,39149
9/9/2015,40454
9/8/2015,45078
9/7/2015,34546
9/6/2015,31987
9/5/2015,28952
9/4/2015,37624
9/3/2015,39891
9/2/2015,40877
9/1/2015,43205
8/31/2015,41034
8/30/2015,26402
8/29/2015,25607
8/28/2015,35645
8/27/2015,39373
8/26/2015,39928
8/25/2015,41776
8/24/2015,42566
8/23/2015,30190
8/22/2015,29179
8/21/2015,37121
8/20/2015,40096
8/19/2015,39997
8/18/2015,41519
8/17/2015,41865
8/16/2015,28086
8/15/2015,27313
8/14/2015,35328
8/13/2015,40038
8/12/2015,41269
8/11/2015,42992
8/10/2015,44575
8/9/2015,29554
8/8/2015,28523
8/7/2015,37093
8/6/2015,40894
8/5/2015,42601
8/4/2015,47381
8/3/2015,44142
8/2/2015,29799
8/1/2015,29237
7/31/2015,36957
7/30/2015,40520
7/29/2015,41575
7/28/2015,42142
7/27/2015,45073
7/26/2015,30243
7/25/2015,30134
7/24/2015,38814
7/23/2015,41250
7/22/2015,43038
7/21/2015,44068
7/20/2015,45549
7/19/2015,31296
7/18/2015,30305
7/17/2015,39129
7/16/2015,41979
7/15/2015,42535
7/14/2015,43078
7/13/2015,45021
7/12/2015,30213
7/11/2015,28410
7/10/2015,37570
7/9/2015,41304
7/8/2015,42498
7/7/2015,42197
7/6/2015,45287
7/5/2015,28980
7/4/2015,28677
7/3/2015,31575
7/2/2015,41436
7/1/2015,45885
6/30/2015,44262
6/29/2015,47177
6/28/2015,28833
6/27/2015,26533
6/26/2015,36146
6/25/2015,45586
6/24/2015,56525
6/23/2015,43007
6/22/2015,43322
6/21/2015,23946
6/20/2015,23844
6/19/2015,34644
6/18/2015,40155
6/17/2015,43216
6/16/2015,46187
6/15/2015,42091
6/14/2015,26870
6/13/2015,27040
6/12/2015,37584
6/11/2015,45699
6/10/2015,46436
6/9/2015,48957
6/8/2015,49485
6/7/2015,33426
6/6/2015,29841
6/5/2015,40136
6/4/2015,44308
6/3/2015,45211
6/2/2015,47118
6/1/2015,49767
5/31/2015,29996
5/30/2015,28344
5/29/2015,39829
5/28/2015,43197
5/27/2015,47408
5/26/2015,58592
5/25/2015,52527
5/24/2015,33114
5/23/2015,27640
5/22/2015,33784
5/21/2015,39677
5/20/2015,40902
5/19/2015,41534
5/18/2015,42001
5/17/2015,28001
5/16/2015,24774
5/15/2015,35120
5/14/2015,40454
5/13/2015,41889
5/12/2015,41311
5/11/2015,42423
5/10/2015,24128
5/9/2015,23638
5/8/2015,34267
5/7/2015,39598
5/6/2015,41009
5/5/2015,41548
5/4/2015,42696
5/3/2015,26229
5/2/2015,23560
5/1/2015,35083
4/30/2015,38330
4/29/2015,38959
4/28/2015,40476
4/27/2015,40048
4/26/2015,25567
4/25/2015,24968
4/24/2015,34973
4/23/2015,38252
4/22/2015,38800
4/21/2015,38140
4/20/2015,41296
4/19/2015,26710
4/18/2015,23950
4/17/2015,33923
4/16/2015,37818
4/15/2015,38741
4/14/2015,42161
4/13/2015,42786
4/12/2015,24630
4/11/2015,22931
4/10/2015,34111
4/9/2015,38548
4/8/2015,39586
4/7/2015,40340
4/6/2015,41812
4/5/2015,22270
4/4/2015,22571
4/3/2015,32877
4/2/2015,38934
4/1/2015,39448
3/31/2015,40752
3/30/2015,41769
3/29/2015,27322
3/28/2015,26450
3/27/2015,37228
3/26/2015,39123
3/25/2015,40200
3/24/2015,40776
3/23/2015,41033
3/22/2015,25381
3/21/2015,23696
3/20/2015,32952
3/19/2015,36521
3/18/2015,36760
3/17/2015,37670
3/16/2015,39011
3/15/2015,24878
3/14/2015,24745
3/13/2015,36101
3/12/2015,38890
3/11/2015,39288
3/10/2015,40755
3/9/2015,42740
3/8/2015,26072
3/7/2015,28712
3/6/2015,39294
3/5/2015,45036
3/4/2015,48332
3/3/2015,40202
3/2/2015,39923
3/1/2015,25155
2/28/2015,30400
2/27/2015,34105
2/26/2015,39690
2/25/2015,39680
2/24/2015,41799
2/23/2015,43229
2/22/2015,24936
2/21/2015,23520
2/20/2015,31686
2/19/2015,37325
2/18/2015,38756
2/17/2015,38987
2/16/2015,34680
2/15/2015,24792
2/14/2015,22613
2/13/2015,32480
2/12/2015,37271
2/11/2015,37774
2/10/2015,39060
2/9/2015,39078
2/8/2015,24364
2/7/2015,22508
2/6/2015,32369
2/5/2015,35859
2/4/2015,36312
2/3/2015,37823
2/2/2015,39120
2/1/2015,22543
1/31/2015,22634
1/30/2015,35320
1/29/2015,36891
1/28/2015,36306
1/27/2015,36761
1/26/2015,38842
1/25/2015,23362
1/24/2015,22747
1/23/2015,31808
1/22/2015,37106
1/21/2015,37596
1/20/2015,39106
1/19/2015,33567
1/18/2015,24758
1/17/2015,23246
1/16/2015,33048
1/15/2015,35540
1/14/2015,36765
1/13/2015,37541
1/12/2015,37123
1/11/2015,25330
1/10/2015,23755
1/9/2015,33036
1/8/2015,36723
1/7/2015,41039
1/6/2015,41398
1/5/2015,41192
1/4/2015,26154
1/3/2015,25146
1/2/2015,33215
1/1/2015,25960
12/31/2014,31644
12/30/2014,39380
12/29/2014,33432
12/28/2014,21229
12/27/2014,20650
12/26/2014,23492
12/25/2014,14677
12/24/2014,16743
12/23/2014,26745
12/22/2014,29510
12/21/2014,19728
12/20/2014,18980
12/19/2014,26407
12/18/2014,28839
12/17/2014,29597
12/16/2014,33112
12/15/2014,32357
12/14/2014,19259
12/13/2014,18644
12/12/2014,27807
12/11/2014,33109
12/10/2014,31812
12/9/2014,32928
12/8/2014,35185
12/7/2014,20022
12/6/2014,20933
12/5/2014,33475
12/4/2014,34528
12/3/2014,31571
12/2/2014,32739
12/1/2014,35020
11/30/2014,23779
11/29/2014,20211
11/28/2014,20891
11/27/2014,13140
11/26/2014,24462
11/25/2014,30484
11/24/2014,32698
11/23/2014,21165
11/22/2014,22201
11/21/2014,27442
11/20/2014,32312
11/19/2014,31700
11/18/2014,32684
11/17/2014,34471
11/16/2014,20776
11/15/2014,19032
11/14/2014,28903
11/13/2014,32675
11/12/2014,33964
11/11/2014,30849
11/10/2014,35252
11/9/2014,21340
11/8/2014,19225
11/7/2014,29338
11/6/2014,32939
11/5/2014,36052
11/4/2014,47775
11/3/2014,41391
11/2/2014,23462
11/1/2014,19662
10/31/2014,27038
10/30/2014,32379
10/29/2014,34729
10/28/2014,34654
10/27/2014,36366
10/26/2014,22530
10/25/2014,20759
10/24/2014,30333
10/23/2014,34079
10/22/2014,33502
10/21/2014,34153
10/20/2014,36514
10/19/2014,20988
10/18/2014,20162
10/17/2014,29424
10/16/2014,32949
10/15/2014,32750
10/14/2014,33004
10/13/2014,35091
10/12/2014,20916
10/11/2014,19870
10/10/2014,29251
10/9/2014,33810
10/8/2014,33884
10/7/2014,34223
10/6/2014,36597
10/5/2014,21036
10/4/2014,19327
10/3/2014,28607
10/2/2014,34270
10/1/2014,33667
9/30/2014,36523
9/29/2014,35553
9/28/2014,21827
9/27/2014,21180
9/26/2014,30008
9/25/2014,33502
9/24/2014,33744
9/23/2014,33841
9/22/2014,34834
9/21/2014,22139
9/20/2014,20715
9/19/2014,29762
9/18/2014,34362
9/17/2014,33187
9/16/2014,33993
9/15/2014,35591
9/14/2014,21934
9/13/2014,20905
9/12/2014,30359
9/11/2014,33996
9/10/2014,35435
9/9/2014,35702
9/8/2014,36916
9/7/2014,23150
9/6/2014,23833
9/5/2014,33079
9/4/2014,34189
9/3/2014,35367
9/2/2014,37866
9/1/2014,26932
8/31/2014,25130
8/30/2014,23432
8/29/2014,32058
8/28/2014,36285
8/27/2014,35914
8/26/2014,37203
8/25/2014,37656
8/24/2014,24870
8/23/2014,24116
8/22/2014,32272
8/21/2014,35501
8/20/2014,39447
8/19/2014,37824
8/18/2014,37286
8/17/2014,24529
8/16/2014,24346
8/15/2014,31803
8/14/2014,34548
8/13/2014,36039
8/12/2014,36310
8/11/2014,37312
8/10/2014,25065
8/9/2014,24601
8/8/2014,32626
8/7/2014,37233
8/6/2014,37044
8/5/2014,37156
8/4/2014,39253
8/3/2014,25483
8/2/2014,25064
8/1/2014,29251
7/31/2014,30497
7/30/2014,32223
7/29/2014,31627
7/28/2014,32891
7/27/2014,22220
7/26/2014,20737
7/25/2014,27028
7/24/2014,29556
7/23/2014,31946
7/22/2014,37996
7/21/2014,39790
7/20/2014,25379
7/19/2014,25113
7/18/2014,35127
7/17/2014,34876
7/16/2014,39040
7/15/2014,37159
7/14/2014,39686
7/13/2014,25924
7/12/2014,26793
7/11/2014,32701
7/10/2014,37624
7/9/2014,38346
7/8/2014,39181
7/7/2014,41425
7/6/2014,27098
7/5/2014,25513
7/4/2014,23545
7/3/2014,34524
7/2/2014,37325
7/1/2014,36456
6/30/2014,39331
6/29/2014,26127
6/28/2014,24204
6/27/2014,32533
6/26/2014,36323
6/25/2014,37817
6/24/2014,37847
6/23/2014,39538
6/22/2014,25283
6/21/2014,25428
6/20/2014,33709
6/19/2014,36829
6/18/2014,37359
6/17/2014,39356
6/16/2014,39392
6/15/2014,24237
6/14/2014,23409
6/13/2014,34551
6/12/2014,38906
6/11/2014,40765
6/10/2014,42438
6/9/2014,42870
6/8/2014,29088
6/7/2014,27870
6/6/2014,35300
6/5/2014,37387
6/4/2014,37713
6/3/2014,38793
6/2/2014,41491
6/1/2014,26055
5/31/2014,25324
5/30/2014,33240
5/29/2014,36074
5/28/2014,37181
5/27/2014,39938
5/26/2014,26925
5/25/2014,24155
5/24/2014,22853
5/23/2014,32292
5/22/2014,37546
5/21/2014,37991
5/20/2014,42840
5/19/2014,40305
5/18/2014,24214
5/17/2014,23197
5/16/2014,32116
5/15/2014,36411
5/14/2014,34625
5/13/2014,36803
5/12/2014,37157
5/11/2014,20496
5/10/2014,21392
5/9/2014,29377
5/8/2014,33215
5/7/2014,34820
5/6/2014,37478
5/5/2014,38399
5/4/2014,24090
5/3/2014,22495
5/2/2014,31108
5/1/2014,34260
4/30/2014,35394
4/29/2014,36583
4/28/2014,39165
4/27/2014,24545
4/26/2014,21122
4/25/2014,31033
4/24/2014,34594
4/23/2014,35920
4/22/2014,36700
4/21/2014,36611
4/20/2014,19068
4/19/2014,19828
4/18/2014,28116
4/17/2014,33208
4/16/2014,35094
4/15/2014,35490
4/14/2014,37213
4/13/2014,21568
4/12/2014,21322
4/11/2014,29549
4/10/2014,38312
4/9/2014,40755
4/8/2014,42988
4/7/2014,44607
4/6/2014,24287
4/5/2014,24220
4/4/2014,34639
4/3/2014,37965
4/2/2014,40948
4/1/2014,41421
3/31/2014,43822
3/30/2014,24871
3/29/2014,26253
3/28/2014,36408
3/27/2014,39022
3/26/2014,41233
3/25/2014,42481
3/24/2014,43611
3/23/2014,23637
3/22/2014,24111
3/21/2014,34296
3/20/2014,39261
3/19/2014,41546
3/18/2014,40968
3/17/2014,42363
3/16/2014,30758
3/15/2014,30957
3/14/2014,34259
3/13/2014,42004
3/12/2014,40236
3/11/2014,41499
3/10/2014,42671
3/9/2014,23960
3/8/2014,26173
3/7/2014,35605
3/6/2014,39244
3/5/2014,41506
3/4/2014,45724
3/3/2014,47445
3/2/2014,25167
3/1/2014,26330
2/28/2014,35412
2/27/2014,39193
2/26/2014,41636
2/25/2014,42356
2/24/2014,43916
2/23/2014,24675
2/22/2014,24885
2/21/2014,35964
2/20/2014,38537
2/19/2014,41490
2/18/2014,43327
2/17/2014,32981
2/16/2014,23370
2/15/2014,24419
2/14/2014,30255
2/13/2014,38048
2/12/2014,39455
2/11/2014,43088
2/10/2014,42059
2/9/2014,22850
2/8/2014,22957
2/7/2014,34525
2/6/2014,40352
2/5/2014,39777
2/4/2014,40376
2/3/2014,41211
2/2/2014,19830
2/1/2014,24785
1/31/2014,34367
1/30/2014,40693
1/29/2014,39779
1/28/2014,50863
1/27/2014,42753
1/26/2014,22613
1/25/2014,23296
1/24/2014,37868
1/23/2014,42717
1/22/2014,40207
1/21/2014,41574
1/20/2014,29727
1/19/2014,21968
1/18/2014,23165
1/17/2014,31984
1/16/2014,35985
1/15/2014,37381
1/14/2014,38479
1/13/2014,39861
1/12/2014,22346
1/11/2014,23656
1/10/2014,32881
1/9/2014,35817
1/8/2014,38050
1/7/2014,39679
1/6/2014,42350
1/5/2014,25927
1/4/2014,25089
1/3/2014,34608
1/2/2014,38538
1/1/2014,22589
12/31/2013,35534
12/30/2013,36638
12/29/2013,21440
12/28/2013,22432
12/27/2013,28447
12/26/2013,28919
12/25/2013,14528
12/24/2013,15847
12/23/2013,29129
12/22/2013,18381
12/21/2013,20176
12/20/2013,27684
12/19/2013,30029
12/18/2013,32262
12/17/2013,32903
12/16/2013,34773
12/15/2013,18403
12/14/2013,21027
12/13/2013,38903
12/12/2013,31264
12/11/2013,33129
12/10/2013,34715
12/9/2013,35304
12/8/2013,19319
12/7/2013,20898
12/6/2013,32124
12/5/2013,32621
12/4/2013,34657
12/3/2013,35848
12/2/2013,37558
12/1/2013,21929
11/30/2013,20074
11/29/2013,18085
11/28/2013,12280
11/27/2013,26740
11/26/2013,33795
11/25/2013,36371
11/24/2013,19403
11/23/2013,19557
11/22/2013,29713
11/21/2013,35566
11/20/2013,35778
11/19/2013,36552
11/18/2013,38488
11/17/2013,20567
11/16/2013,20417
11/15/2013,30141
11/14/2013,33696
11/13/2013,36770
11/12/2013,37835
11/11/2013,29075
11/10/2013,19282
11/9/2013,20152
11/8/2013,29860
11/7/2013,34310
11/6/2013,31813
11/5/2013,22667
11/4/2013,39447
11/3/2013,21464
11/2/2013,22070
11/1/2013,31676
10/31/2013,37027
10/30/2013,38187
10/29/2013,37136
10/28/2013,38412
10/27/2013,19327
10/26/2013,20351
10/25/2013,30124
10/24/2013,35322
10/23/2013,36665
10/22/2013,38000
10/21/2013,38958
10/20/2013,19813
10/19/2013,21110
10/18/2013,30833
10/17/2013,36042
10/16/2013,37562
10/15/2013,39277
10/14/2013,40848
10/13/2013,25453
10/12/2013,20920
10/11/2013,30214
10/10/2013,34762
10/9/2013,37232
10/8/2013,36684
10/7/2013,37861
10/6/2013,18875
10/5/2013,20167
10/4/2013,29259
10/3/2013,34713
10/2/2013,38629
10/1/2013,38442
9/30/2013,38995
9/29/2013,19677
9/28/2013,21878
9/27/2013,31395
9/26/2013,36510
9/25/2013,36792
9/24/2013,36911
9/23/2013,38210
9/22/2013,20325
9/21/2013,20819
9/20/2013,32325
9/19/2013,34151
9/18/2013,36391
9/17/2013,38693
9/16/2013,39955
9/15/2013,21891
9/14/2013,24240
9/13/2013,35087
9/12/2013,38584
9/11/2013,40429
9/10/2013,41588
9/9/2013,41676
9/8/2013,23017
9/7/2013,24283
9/6/2013,34398
9/5/2013,39152
9/4/2013,41762
9/3/2013,45277
9/2/2013,25133
9/1/2013,22026
8/31/2013,21577
8/30/2013,32964
8/29/2013,39012
8/28/2013,39701
8/27/2013,39644
8/26/2013,40929
8/25/2013,23758
8/24/2013,25015
8/23/2013,33722
8/22/2013,38925
8/21/2013,41061
8/20/2013,43053
8/19/2013,42589
8/18/2013,22957
8/17/2013,25484
8/16/2013,33499
8/15/2013,36227
8/14/2013,41188
8/13/2013,43437
8/12/2013,44055
8/11/2013,23479
8/10/2013,25109
8/9/2013,36072
8/8/2013,41699
8/7/2013,43285
8/6/2013,45873
8/5/2013,46442
8/4/2013,24501
8/3/2013,27124
8/2/2013,37335
8/1/2013,40939
7/31/2013,42259
7/30/2013,43599
7/29/2013,44783
7/28/2013,23992
7/27/2013,24703
7/26/2013,35472
7/25/2013,39128
7/24/2013,40994
7/23/2013,42069
7/22/2013,44283
7/21/2013,25455
7/20/2013,25489
7/19/2013,34364
7/18/2013,37385
7/17/2013,40674
7/16/2013,41383
7/15/2013,41748
7/14/2013,23934
7/13/2013,26628
7/12/2013,34916
7/11/2013,39478
7/10/2013,42650
7/9/2013,43747
7/8/2013,43304
7/7/2013,26194
7/6/2013,28243
7/5/2013,33844
7/4/2013,24847
7/3/2013,40980
7/2/2013,42770
7/1/2013,42842
6/30/2013,24542
6/29/2013,27875
6/28/2013,35324
6/27/2013,40047
6/26/2013,40811
6/25/2013,43490
6/24/2013,43954
6/23/2013,24988
6/22/2013,26087
6/21/2013,34967
6/20/2013,37909
6/19/2013,40708
6/18/2013,40189
6/17/2013,43586
6/16/2013,23236
6/15/2013,24800
6/14/2013,35727
6/13/2013,42992
6/12/2013,42233
6/11/2013,43927
6/10/2013,47919
6/9/2013,25926
6/8/2013,30363
6/7/2013,42511
6/6/2013,39391
6/5/2013,41777
6/4/2013,42450
6/3/2013,43173
6/2/2013,24741
6/1/2013,26816
5/31/2013,33842
5/30/2013,37453
5/29/2013,40186
5/28/2013,43592
5/27/2013,24203
5/26/2013,20408
5/25/2013,20249
5/24/2013,34004
5/23/2013,39879
5/22/2013,41208
5/21/2013,40852
5/20/2013,41929
5/19/2013,22075
5/18/2013,22297
5/17/2013,31119
5/16/2013,35159
5/15/2013,38439
5/14/2013,38629
5/13/2013,39653
5/12/2013,19299
5/11/2013,21699
5/10/2013,29450
5/9/2013,35367
5/8/2013,35993
5/7/2013,36856
5/6/2013,37649
5/5/2013,20018
5/4/2013,20912
5/3/2013,29532
5/2/2013,34215
5/1/2013,36787
4/30/2013,37805
4/29/2013,38953
4/28/2013,20737
4/27/2013,22441
4/26/2013,30827
4/25/2013,34253
4/24/2013,39342
4/23/2013,38650
4/22/2013,39439
4/21/2013,20327
4/20/2013,20201
4/19/2013,28062
4/18/2013,33201
4/17/2013,38134
4/16/2013,39730
4/15/2013,39899
4/14/2013,21334
4/13/2013,21688
4/12/2013,30176
4/11/2013,34608
4/10/2013,40289
4/9/2013,41528
4/8/2013,43339
4/7/2013,24159
4/6/2013,22496
4/5/2013,30218
4/4/2013,36788
4/3/2013,42280
4/2/2013,39590
4/1/2013,39718
3/31/2013,17857
3/30/2013,20898
3/29/2013,28410
3/28/2013,33424
3/27/2013,35408
3/26/2013,35796
3/25/2013,37054
3/24/2013,20435
3/23/2013,21690
3/22/2013,29398
3/21/2013,34011
3/20/2013,35371
3/19/2013,37446
3/18/2013,39908
3/17/2013,21364
3/16/2013,21551
3/15/2013,28192
3/14/2013,31645
3/13/2013,33660
3/12/2013,38933
3/11/2013,41173
3/10/2013,20082
3/9/2013,23530
3/8/2013,31847
3/7/2013,36290
3/6/2013,37197
3/5/2013,37557
3/4/2013,39309
3/3/2013,22434
3/2/2013,23538
3/1/2013,32931
2/28/2013,35511
2/27/2013,39320
2/26/2013,43319
2/25/2013,44299
2/24/2013,20804
2/23/2013,23125
2/22/2013,33480
2/21/2013,35411
2/20/2013,37892
2/19/2013,36605
2/18/2013,26501
2/17/2013,19718
2/16/2013,20873
2/15/2013,26705
2/14/2013,28339
2/13/2013,32246
2/12/2013,35171
2/11/2013,34180
2/10/2013,18851
2/9/2013,19731
2/8/2013,28005
2/7/2013,31208
2/6/2013,32824
2/5/2013,33328
2/4/2013,33930
2/3/2013,16182
2/2/2013,19518
2/1/2013,26065
1/31/2013,30940
1/30/2013,32878
1/29/2013,34291
1/28/2013,35216
1/27/2013,18784
1/26/2013,20223
1/25/2013,26654
1/24/2013,29990
1/23/2013,31815
1/22/2013,33588
1/21/2013,22409
1/20/2013,18119
1/19/2013,21636
1/18/2013,26380
1/17/2013,28736
1/16/2013,30410
1/15/2013,31338
1/14/2013,31980
1/13/2013,17435
1/12/2013,19989
1/11/2013,28656
1/10/2013,29240
1/9/2013,31181
1/8/2013,31734
1/7/2013,32189
1/6/2013,17357
1/5/2013,19472
1/4/2013,26473
1/3/2013,30425
1/2/2013,33530
1/1/2013,18508
12/31/2012,27943
12/30/2012,18509
12/29/2012,20546
12/28/2012,24658
12/27/2012,26907
12/26/2012,26612
12/25/2012,12171
12/24/2012,11753
12/23/2012,15515
12/22/2012,17514
12/21/2012,21873
12/20/2012,24774
12/19/2012,26907
12/18/2012,28026
12/17/2012,28975
12/16/2012,16700
12/15/2012,17531
12/14/2012,22350
12/13/2012,27356
12/12/2012,27676
12/11/2012,27465
12/10/2012,29095
12/9/2012,15720
12/8/2012,17170
12/7/2012,23583
12/6/2012,27157
12/5/2012,28848
12/4/2012,29773
12/3/2012,29480
12/2/2012,17899
12/1/2012,17906
11/30/2012,22951
11/29/2012,25096
11/28/2012,27123
11/27/2012,28792
11/26/2012,29919
11/25/2012,16315
11/24/2012,16156
11/23/2012,13081
11/22/2012,8880
11/21/2012,20307
11/20/2012,25592
11/19/2012,27824
11/18/2012,16172
11/17/2012,19000
11/16/2012,28883
11/15/2012,37325
11/14/2012,35625
11/13/2012,33694
11/12/2012,25373
11/11/2012,16424
11/10/2012,20034
11/9/2012,24831
11/8/2012,28057
11/7/2012,31794
11/6/2012,37558
11/5/2012,35320
11/4/2012,17775
11/3/2012,17366
11/2/2012,25917
11/1/2012,28306
10/31/2012,26866
10/30/2012,29016
10/29/2012,28255
10/28/2012,14702
10/27/2012,16347
10/26/2012,23127
10/25/2012,26347
10/24/2012,30470
10/23/2012,31222
10/22/2012,32924
10/21/2012,16622
10/20/2012,16338
10/19/2012,22526
10/18/2012,26252
10/17/2012,27361
10/16/2012,27760
10/15/2012,27968
10/14/2012,13805
10/13/2012,14783
10/12/2012,21556
10/11/2012,26031
10/10/2012,23335
10/9/2012,36478
10/8/2012,35603
10/7/2012,17335
10/6/2012,19373
10/5/2012,28928
10/4/2012,31760
10/3/2012,31005
10/2/2012,30695
10/1/2012,32789
9/30/2012,14667
9/29/2012,17160
9/28/2012,22045
9/27/2012,27216
9/26/2012,28416
9/25/2012,26917
9/24/2012,28166
9/23/2012,14192
9/22/2012,15858
9/21/2012,22071
9/20/2012,23028
9/19/2012,25999
9/18/2012,26494
9/17/2012,27084
9/16/2012,13219
9/15/2012,16089
9/14/2012,21101
9/13/2012,23681
9/12/2012,26495
9/11/2012,27160
9/10/2012,28316
9/9/2012,14744
9/8/2012,16965
9/7/2012,21888
9/6/2012,25119
9/5/2012,28147
9/4/2012,31500
9/3/2012,16454
9/2/2012,14419
9/1/2012,13703
8/31/2012,22251
8/30/2012,26303
8/29/2012,25915
8/28/2012,25381
8/27/2012,25631
8/26/2012,13360
8/25/2012,14700
8/24/2012,19824
8/23/2012,23798
8/22/2012,24872
8/21/2012,24771
8/20/2012,29766
8/19/2012,13775
8/18/2012,15306
8/17/2012,22619
8/16/2012,24951
8/15/2012,25814
8/14/2012,26604
8/13/2012,27665
8/12/2012,15320
8/11/2012,16573
8/10/2012,22743
8/9/2012,25225
8/8/2012,28497
8/7/2012,27530
8/6/2012,27479
8/5/2012,13860
8/4/2012,15398
8/3/2012,20430
8/2/2012,24902
8/1/2012,25733
7/31/2012,27093
7/30/2012,27665
7/29/2012,14371
7/28/2012,15695
7/27/2012,20430
7/26/2012,24049
7/25/2012,26055
7/24/2012,27956
7/23/2012,27624
7/22/2012,14151
7/21/2012,16738
7/20/2012,21266
7/19/2012,23654
7/18/2012,25268
7/17/2012,27764
7/16/2012,28580
7/15/2012,14326
7/14/2012,15640
7/13/2012,22645
7/12/2012,25421
7/11/2012,27944
7/10/2012,29060
7/9/2012,29103
7/8/2012,14866
7/7/2012,16695
7/6/2012,21034
7/5/2012,25113
7/4/2012,14710
7/3/2012,27526
7/2/2012,27095
7/1/2012,12556
6/30/2012,14261
6/29/2012,20869
6/28/2012,25553
6/27/2012,25775
6/26/2012,28337
6/25/2012,29567
6/24/2012,14960
6/23/2012,15867
6/22/2012,21495
6/21/2012,23460
6/20/2012,25740
6/19/2012,27195
6/18/2012,29097
6/17/2012,13729
6/16/2012,15822
6/15/2012,23086
6/14/2012,25660
6/13/2012,26579
6/12/2012,27049
6/11/2012,29667
6/10/2012,14627
6/9/2012,17010
6/8/2012,31670
6/7/2012,27325
6/6/2012,27825
6/5/2012,29170
6/4/2012,29916
6/3/2012,15217
6/2/2012,16464
6/1/2012,22695
5/31/2012,25290
5/30/2012,27767
5/29/2012,31370
5/28/2012,15133
5/27/2012,12667
5/26/2012,12476
5/25/2012,20974
5/24/2012,26181
5/23/2012,28220
5/22/2012,28987
5/21/2012,29957
5/20/2012,13863
5/19/2012,15144
5/18/2012,20559
5/17/2012,23755
5/16/2012,27737
5/15/2012,33692
5/14/2012,27428
5/13/2012,11802
5/12/2012,15490
5/11/2012,19700
5/10/2012,21752
5/9/2012,24500
5/8/2012,25655
5/7/2012,26420
5/6/2012,12887
5/5/2012,15002
5/4/2012,20736
5/3/2012,24230
5/2/2012,25723
5/1/2012,27154
4/30/2012,27921
4/29/2012,13910
4/28/2012,14996
4/27/2012,21075
4/26/2012,24689
4/25/2012,25864
4/24/2012,27697
4/23/2012,27897
4/22/2012,14038
4/21/2012,14022
4/20/2012,20662
4/19/2012,22208
4/18/2012,28172
4/17/2012,27175
4/16/2012,28512
4/15/2012,13996
4/14/2012,14642
4/13/2012,20893
4/12/2012,23351
4/11/2012,26261
4/10/2012,26848
4/9/2012,26960
4/8/2012,10909
4/7/2012,14559
4/6/2012,20832
4/5/2012,24294
4/4/2012,27503
4/3/2012,28378
4/2/2012,30258
4/1/2012,16633
3/31/2012,16536
3/30/2012,20395
3/29/2012,23237
3/28/2012,25348
3/27/2012,25261
3/26/2012,26966
3/25/2012,13259
3/24/2012,14629
3/23/2012,20596
3/22/2012,23542
3/21/2012,24729
3/20/2012,25191
3/19/2012,26289
3/18/2012,12518
3/17/2012,13235
3/16/2012,18251
3/15/2012,21270
3/14/2012,22963
3/13/2012,24353
3/12/2012,24608
3/11/2012,11559
3/10/2012,14232
3/9/2012,19201
3/8/2012,22223
3/7/2012,24489
3/6/2012,25319
3/5/2012,26480
3/4/2012,13482
3/3/2012,15295
3/2/2012,20587
3/1/2012,25782
2/29/2012,27810
2/28/2012,29768
2/27/2012,31050
2/26/2012,15553
2/25/2012,17427
2/24/2012,23810
2/23/2012,26230
2/22/2012,28506
2/21/2012,29995
2/20/2012,20261
2/19/2012,15067
2/18/2012,16445
2/17/2012,21838
2/16/2012,24775
2/15/2012,27456
2/14/2012,24738
2/13/2012,28202
2/12/2012,14894
2/11/2012,16146
2/10/2012,22271
2/9/2012,23921
2/8/2012,26777
2/7/2012,28494
2/6/2012,28924
2/5/2012,13427
2/4/2012,17196
2/3/2012,23119
2/2/2012,25779
2/1/2012,25838
1/31/2012,27199
1/30/2012,27651
1/29/2012,13218
1/28/2012,14923
1/27/2012,20696
1/26/2012,22533
1/25/2012,24063
1/24/2012,24530
1/23/2012,24054
1/22/2012,11529
1/21/2012,13597
1/20/2012,17837
1/19/2012,19691
1/18/2012,22280
1/17/2012,23483
1/16/2012,13708
1/15/2012,10882
1/14/2012,12530
1/13/2012,16913
1/12/2012,20456
1/11/2012,22950
1/10/2012,23691
1/9/2012,24355
1/8/2012,12427
1/7/2012,14542
1/6/2012,19836
1/5/2012,22079
1/4/2012,24607
1/3/2012,17110
1/2/2012,12007
1/1/2012,9965
